unix,date,symbol,open,high,low,close,Volume BTC,Volume USDT,tradecount
1641945600000,2022-01-12 00:00:00,BTC/USDT,42729.29000000,42965.00000000,42692.84000000,42880.00000000,318.61031000,13654378.50139610,12239
1641859200000,2022-01-11 00:00:00,BTC/USDT,41822.49000000,43100.00000000,41268.93000000,42729.29000000,37296.43729000,1574803608.96007870,1015526
1641772800000,2022-01-10 00:00:00,BTC/USDT,41864.62000000,42248.50000000,39650.00000000,41822.49000000,50729.17019000,2088111339.50559650,1250983
1641686400000,2022-01-09 00:00:00,BTC/USDT,41679.74000000,42786.70000000,41200.02000000,41864.62000000,22724.39426000,952830064.51258490,752733
1641600000000,2022-01-08 00:00:00,BTC/USDT,41566.48000000,42300.00000000,40501.00000000,41679.74000000,32952.73111000,1367233494.82776660,1021908
1641513600000,2022-01-07 00:00:00,BTC/USDT,43082.30000000,43145.83000000,40610.00000000,41566.48000000,54836.50818000,2293851015.46523690,1406635
1641427200000,2022-01-06 00:00:00,BTC/USDT,43451.14000000,43816.00000000,42430.58000000,43082.31000000,38880.37305000,1674466154.43833260,1150707
1641340800000,2022-01-05 00:00:00,BTC/USDT,45832.01000000,47070.00000000,42500.00000000,43451.13000000,51784.11857000,2334288544.64544840,1478532
1641254400000,2022-01-04 00:00:00,BTC/USDT,46446.10000000,47557.54000000,45500.00000000,45832.01000000,35491.41360000,1649170424.12761340,1021815
1641168000000,2022-01-03 00:00:00,BTC/USDT,47286.18000000,47570.00000000,45696.00000000,46446.10000000,27662.07710000,1292203508.32565490,885624
1641081600000,2022-01-02 00:00:00,BTC/USDT,47722.66000000,47990.00000000,46654.00000000,47286.18000000,18340.46040000,866610995.56335820,709624
1640995200000,2022-01-01 00:00:00,BTC/USDT,46216.93000000,47954.63000000,46208.37000000,47722.65000000,19604.46325000,924155159.58348650,714899
1640908800000,2021-12-31 00:00:00,BTC/USDT,47120.88000000,48548.26000000,45678.00000000,46216.93000000,34937.99796000,1650715977.91851720,1059783
1640822400000,2021-12-30 00:00:00,BTC/USDT,46464.66000000,47900.00000000,45900.00000000,47120.87000000,30352.29569000,1428755720.45320290,910157
1640736000000,2021-12-29 00:00:00,BTC/USDT,47543.74000000,48139.08000000,46096.99000000,46464.66000000,39498.87000000,1873785571.27329660,1114074
1640649600000,2021-12-28 00:00:00,BTC/USDT,50701.44000000,50704.05000000,47313.01000000,47543.74000000,45853.33924000,2242102220.93100330,1345774
1640563200000,2021-12-27 00:00:00,BTC/USDT,50775.48000000,52088.00000000,50449.00000000,50701.44000000,28779.58212000,1471423612.09186190,1009238
1640476800000,2021-12-26 00:00:00,BTC/USDT,50399.67000000,51280.00000000,49412.00000000,50775.49000000,22569.88914000,1132200241.56241820,797133
1640390400000,2021-12-25 00:00:00,BTC/USDT,50819.99000000,51156.23000000,50142.32000000,50399.66000000,19135.51613000,971491029.13082400,766979
1640304000000,2021-12-24 00:00:00,BTC/USDT,50838.82000000,51810.00000000,50384.43000000,50820.00000000,31661.94946000,1616919305.70366660,1074410
1640217600000,2021-12-23 00:00:00,BTC/USDT,48588.17000000,51375.00000000,47920.42000000,50838.81000000,35192.54046000,1738129830.78145220,1176050
1640131200000,2021-12-22 00:00:00,BTC/USDT,48887.59000000,49576.13000000,48421.87000000,48588.16000000,27004.20220000,1322418595.33372950,949480
1640044800000,2021-12-21 00:00:00,BTC/USDT,46914.17000000,49328.96000000,46630.00000000,48889.88000000,37713.92924000,1827234149.05988020,1119412
1639958400000,2021-12-20 00:00:00,BTC/USDT,46681.24000000,47537.57000000,45558.85000000,46914.16000000,35848.50609000,1663363117.83045340,1076488
1639872000000,2021-12-19 00:00:00,BTC/USDT,46834.47000000,48300.01000000,46406.91000000,46681.23000000,29305.70665000,1384958598.36276990,874827
1639785600000,2021-12-18 00:00:00,BTC/USDT,46133.83000000,47392.37000000,45500.00000000,46834.48000000,25020.05271000,1165205135.70084270,862066
1639699200000,2021-12-17 00:00:00,BTC/USDT,47632.38000000,47995.96000000,45456.00000000,46131.20000000,43104.48870000,2015966349.51613240,1261780
1639612800000,2021-12-16 00:00:00,BTC/USDT,48864.98000000,49436.43000000,47511.00000000,47632.38000000,31949.86739000,1551200654.05274500,1023983
1639526400000,2021-12-15 00:00:00,BTC/USDT,48336.95000000,49500.00000000,46547.00000000,48864.98000000,51629.18100000,2487012309.09154930,1438176
1639440000000,2021-12-14 00:00:00,BTC/USDT,46702.76000000,48700.41000000,46290.00000000,48343.28000000,39955.98445000,1887427362.47409660,1194992
1639353600000,2021-12-13 00:00:00,BTC/USDT,50053.90000000,50189.97000000,45672.75000000,46702.75000000,50869.52093000,2423888500.79030500,1399599
1639267200000,2021-12-12 00:00:00,BTC/USDT,49389.99000000,50777.00000000,48638.00000000,50053.90000000,26017.93421000,1292315883.62455370,863605
1639180800000,2021-12-11 00:00:00,BTC/USDT,47140.54000000,49485.71000000,46751.00000000,49389.99000000,28889.19358000,1397524635.58140210,957390
1639094400000,2021-12-10 00:00:00,BTC/USDT,47535.90000000,50125.00000000,46852.00000000,47140.54000000,44233.57391000,2135023722.85315130,1215231
1639008000000,2021-12-09 00:00:00,BTC/USDT,50471.19000000,50797.76000000,47320.00000000,47545.59000000,37692.68665000,1841474998.89511000,1130599
1638921600000,2021-12-08 00:00:00,BTC/USDT,50588.95000000,51200.00000000,48600.00000000,50471.19000000,38425.92466000,1925458787.11475220,1118225
1638835200000,2021-12-07 00:00:00,BTC/USDT,50441.91000000,51936.33000000,50039.74000000,50588.95000000,38253.46877000,1950573500.20866580,1212350
1638748800000,2021-12-06 00:00:00,BTC/USDT,49396.32000000,50891.11000000,47100.00000000,50441.92000000,58571.21575000,2851528919.17953640,1741956
1638662400000,2021-12-05 00:00:00,BTC/USDT,49152.46000000,49699.05000000,47727.21000000,49396.33000000,45580.82012000,2231486105.84391170,1371839
1638576000000,2021-12-04 00:00:00,BTC/USDT,53601.05000000,53859.10000000,42000.30000000,49152.47000000,114203.37374800,5495712061.97853156,3362771
1638489600000,2021-12-03 00:00:00,BTC/USDT,56484.26000000,57600.00000000,51680.00000000,53601.05000000,58927.69027000,3246198505.94685110,1865063
1638403200000,2021-12-02 00:00:00,BTC/USDT,57184.07000000,57375.47000000,55777.77000000,56480.34000000,37574.05976000,2127110102.10730950,1307890
1638316800000,2021-12-01 00:00:00,BTC/USDT,56950.56000000,59053.55000000,56458.01000000,57184.07000000,44956.63656000,2584928714.07574240,1442301
1638230400000,2021-11-30 00:00:00,BTC/USDT,57776.25000000,59176.99000000,55875.55000000,56950.56000000,49161.05194000,2823644073.02190490,1587472
1638144000000,2021-11-29 00:00:00,BTC/USDT,57274.89000000,58865.97000000,56666.67000000,57776.25000000,40125.28009000,2313371348.11354310,1349625
1638057600000,2021-11-28 00:00:00,BTC/USDT,54716.47000000,57445.05000000,53256.64000000,57274.88000000,36163.71370000,1982198373.53283490,1253408
1637971200000,2021-11-27 00:00:00,BTC/USDT,53723.72000000,55280.00000000,53610.00000000,54721.03000000,29716.99957000,1623173123.49173170,1110145
1637884800000,2021-11-26 00:00:00,BTC/USDT,58960.37000000,59150.00000000,53500.00000000,53726.53000000,65927.87066000,3649353860.42956650,2138184
1637798400000,2021-11-25 00:00:00,BTC/USDT,57138.29000000,59398.90000000,57000.00000000,58960.36000000,42153.51522000,2455658857.70059310,1604266
1637712000000,2021-11-24 00:00:00,BTC/USDT,57541.26000000,57735.00000000,55837.00000000,57138.29000000,39612.04964000,2246374244.33056800,1432991
1637625600000,2021-11-23 00:00:00,BTC/USDT,56243.83000000,58009.99000000,55317.00000000,57541.27000000,49917.85017000,2837210673.48851890,1570845
1637539200000,2021-11-22 00:00:00,BTC/USDT,58617.70000000,59444.00000000,55610.00000000,56247.18000000,51724.32047000,2968622334.13765660,1624768
1637452800000,2021-11-21 00:00:00,BTC/USDT,59707.52000000,60029.76000000,58486.65000000,58622.02000000,31902.22785000,1886578154.51670850,1249219
1637366400000,2021-11-20 00:00:00,BTC/USDT,58057.10000000,59845.00000000,57353.00000000,59707.51000000,33811.59010000,1982718831.15707720,1200190
1637280000000,2021-11-19 00:00:00,BTC/USDT,56891.62000000,58320.00000000,55600.00000000,58052.24000000,50715.88726000,2896189975.91077430,1560459
1637193600000,2021-11-18 00:00:00,BTC/USDT,60344.86000000,60976.00000000,56474.26000000,56891.62000000,62146.99931000,3644824179.14485240,1960419
1637107200000,2021-11-17 00:00:00,BTC/USDT,60058.87000000,60840.23000000,58373.00000000,60344.87000000,46289.38491000,2767802055.20042280,1471305
1637020800000,2021-11-16 00:00:00,BTC/USDT,63606.73000000,63617.31000000,58574.07000000,60058.87000000,77455.15609000,4705744041.29964738,2353681
1636934400000,2021-11-15 00:00:00,BTC/USDT,65519.11000000,66401.82000000,63400.00000000,63606.74000000,37829.37124000,2460915922.87612760,1305209
1636848000000,2021-11-14 00:00:00,BTC/USDT,64380.01000000,65550.51000000,63576.27000000,65519.10000000,25705.07347000,1658473781.29376960,951393
1636761600000,2021-11-13 00:00:00,BTC/USDT,64122.22000000,65000.00000000,63360.22000000,64380.00000000,22504.97383000,1442441613.59839240,904149
1636675200000,2021-11-12 00:00:00,BTC/USDT,64774.25000000,65450.70000000,62278.00000000,64122.23000000,44490.10816000,2844286547.50404090,1479149
1636588800000,2021-11-11 00:00:00,BTC/USDT,64882.42000000,65600.07000000,64100.00000000,64774.26000000,37237.98058000,2415537333.57771000,1327827
1636502400000,2021-11-10 00:00:00,BTC/USDT,66947.67000000,69000.00000000,62822.90000000,64882.43000000,65171.50404600,4335575752.80522342,2347934
1636416000000,2021-11-09 00:00:00,BTC/USDT,67525.82000000,68524.25000000,66222.40000000,66947.66000000,44661.37806800,3014326962.08726777,1847655
1636329600000,2021-11-08 00:00:00,BTC/USDT,63273.58000000,67789.00000000,63273.58000000,67525.83000000,54442.09455400,3575716171.04429946,2349581
1636243200000,2021-11-07 00:00:00,BTC/USDT,61470.62000000,63286.35000000,61322.78000000,63273.59000000,25515.68830000,1585744720.19977190,1068629
1636156800000,2021-11-06 00:00:00,BTC/USDT,60940.18000000,61560.49000000,60050.00000000,61470.61000000,25590.57408000,1556774943.55372840,965309
1636070400000,2021-11-05 00:00:00,BTC/USDT,61395.01000000,62595.72000000,60721.00000000,60937.12000000,31604.48749000,1943346371.47038610,1243074
1635984000000,2021-11-04 00:00:00,BTC/USDT,62896.49000000,63086.31000000,60677.01000000,61395.01000000,35930.93314000,2218138026.70454070,1346081
1635897600000,2021-11-03 00:00:00,BTC/USDT,63220.57000000,63500.00000000,60382.76000000,62896.48000000,43336.09049000,2713389500.46635890,1601925
1635811200000,2021-11-02 00:00:00,BTC/USDT,60911.12000000,64270.00000000,60624.68000000,63219.99000000,46368.28410000,2909221038.40065000,1858362
1635724800000,2021-11-01 00:00:00,BTC/USDT,61299.81000000,62437.74000000,59405.00000000,60911.11000000,44687.66672000,2737282804.73813100,1472636
1635638400000,2021-10-31 00:00:00,BTC/USDT,61859.19000000,62405.30000000,59945.36000000,61299.80000000,39267.63794000,2396556477.34349380,1563417
1635552000000,2021-10-30 00:00:00,BTC/USDT,62253.70000000,62359.25000000,60673.00000000,61859.19000000,31478.12566000,1937860260.43806250,1197748
1635465600000,2021-10-29 00:00:00,BTC/USDT,60575.90000000,62980.00000000,60174.81000000,62253.71000000,43973.90414000,2706090987.30962570,1417344
1635379200000,2021-10-28 00:00:00,BTC/USDT,58413.44000000,62499.00000000,57820.00000000,60575.89000000,61056.35301000,3677629851.05960650,1878275
1635292800000,2021-10-27 00:00:00,BTC/USDT,60328.81000000,61496.00000000,58000.00000000,58413.44000000,62124.49016000,3688306192.97241780,1913083
1635206400000,2021-10-26 00:00:00,BTC/USDT,63078.78000000,63293.48000000,59817.55000000,60328.81000000,40217.50083000,2492606133.31894550,1334460
1635120000000,2021-10-25 00:00:00,BTC/USDT,60852.22000000,63710.63000000,60650.00000000,63078.78000000,36853.83806000,2309339650.10938040,1270453
1635033600000,2021-10-24 00:00:00,BTC/USDT,61286.75000000,61500.00000000,59510.63000000,60852.22000000,31226.57676000,1889694558.95049470,1052085
1634947200000,2021-10-23 00:00:00,BTC/USDT,60688.23000000,61747.64000000,59562.15000000,61286.75000000,27626.93678000,1686121722.21878240,982103
1634860800000,2021-10-22 00:00:00,BTC/USDT,62193.15000000,63732.39000000,60000.00000000,60688.22000000,52119.35886000,3229377744.31142590,1555280
1634774400000,2021-10-21 00:00:00,BTC/USDT,66001.40000000,66639.74000000,62000.00000000,62193.15000000,68538.64537000,4407757970.87975560,2181665
1634688000000,2021-10-20 00:00:00,BTC/USDT,64280.59000000,67000.00000000,63481.40000000,66001.41000000,51428.93485600,3362878816.40459238,1823286
1634601600000,2021-10-19 00:00:00,BTC/USDT,62005.60000000,64486.00000000,61322.22000000,64280.59000000,53628.10774400,3370863940.26943662,1755708
1634515200000,2021-10-18 00:00:00,BTC/USDT,61528.32000000,62695.78000000,59844.45000000,62009.84000000,51798.44844000,3195091233.42055270,1629184
1634428800000,2021-10-17 00:00:00,BTC/USDT,60875.57000000,61718.39000000,58963.00000000,61528.33000000,39099.24124000,2371696294.79730550,1331655
1634342400000,2021-10-16 00:00:00,BTC/USDT,61672.42000000,62378.42000000,60150.00000000,60875.57000000,35467.88096000,2173374058.80891070,1360379
1634256000000,2021-10-15 00:00:00,BTC/USDT,57347.94000000,62933.00000000,56850.00000000,61672.42000000,82512.90802200,4959389368.72673282,2649137
1634169600000,2021-10-14 00:00:00,BTC/USDT,57370.83000000,58532.54000000,56818.05000000,57347.94000000,43053.33678100,2481915791.59123502,1372048
1634083200000,2021-10-13 00:00:00,BTC/USDT,55996.91000000,57777.00000000,54167.19000000,57367.00000000,55808.44492000,3123307687.47730310,1610489
1633996800000,2021-10-12 00:00:00,BTC/USDT,57471.35000000,57680.00000000,53879.00000000,55996.93000000,53471.28550000,3017210682.88594980,1554412
1633910400000,2021-10-11 00:00:00,BTC/USDT,54659.01000000,57839.04000000,54415.06000000,57471.35000000,52933.16575100,2994673617.72364832,1690409
1633824000000,2021-10-10 00:00:00,BTC/USDT,54949.72000000,56561.31000000,54080.00000000,54659.00000000,89237.83612800,4923958325.38987614,2427176
1633737600000,2021-10-09 00:00:00,BTC/USDT,53955.67000000,55489.00000000,53661.67000000,54949.72000000,55177.08013000,3024862790.69559250,1609483
1633651200000,2021-10-08 00:00:00,BTC/USDT,53785.22000000,56100.00000000,53617.61000000,53951.43000000,46160.25785000,2522087625.09407934,1548832
1633564800000,2021-10-07 00:00:00,BTC/USDT,55315.00000000,55332.31000000,53357.00000000,53785.22000000,54917.37766000,2983143121.08864310,1703147
1633478400000,2021-10-06 00:00:00,BTC/USDT,51471.99000000,55750.00000000,50382.41000000,55315.00000000,79877.54518100,4236927265.38152227,2443126
1633392000000,2021-10-05 00:00:00,BTC/USDT,49224.93000000,51886.30000000,49022.40000000,51471.99000000,52125.66793000,2618101829.01772260,1641651
1633305600000,2021-10-04 00:00:00,BTC/USDT,48200.01000000,49536.12000000,46891.00000000,49224.94000000,46796.49372000,2258464361.12635660,1437692
1633219200000,2021-10-03 00:00:00,BTC/USDT,47634.89000000,49228.08000000,47088.00000000,48200.01000000,30825.05601000,1482764462.19057740,1114294
1633132800000,2021-10-02 00:00:00,BTC/USDT,48141.60000000,48336.59000000,47430.18000000,47634.90000000,30508.98131000,1459064880.53244480,996116
1633046400000,2021-10-01 00:00:00,BTC/USDT,43820.01000000,48495.00000000,43283.03000000,48141.61000000,66244.87492000,3076094886.59247420,1771237
1632960000000,2021-09-30 00:00:00,BTC/USDT,41524.29000000,44141.37000000,41410.17000000,43824.10000000,46381.22781000,2005486003.56467730,1197815
1632873600000,2021-09-29 00:00:00,BTC/USDT,41025.01000000,42590.00000000,40753.88000000,41524.28000000,33511.53487000,1399625476.05637630,884909
1632787200000,2021-09-28 00:00:00,BTC/USDT,42147.35000000,42787.38000000,40888.00000000,41026.54000000,43372.26240000,1816305387.83885820,1045389
1632700800000,2021-09-27 00:00:00,BTC/USDT,43160.90000000,44350.00000000,42098.00000000,42147.35000000,39776.84383000,1728912299.80342430,1001487
1632614400000,2021-09-26 00:00:00,BTC/USDT,42670.63000000,43950.00000000,40750.00000000,43160.90000000,49879.99765000,2124657079.27977650,1374145
1632528000000,2021-09-25 00:00:00,BTC/USDT,42810.58000000,42966.84000000,41646.28000000,42670.64000000,33594.57189000,1428238748.20952580,949787
1632441600000,2021-09-24 00:00:00,BTC/USDT,44865.26000000,45200.00000000,40675.00000000,42810.57000000,84113.42629200,3596718231.05054862,1819744
1632355200000,2021-09-23 00:00:00,BTC/USDT,43546.37000000,44978.00000000,43069.09000000,44865.26000000,48699.57655000,2147211305.48208910,1196106
1632268800000,2021-09-22 00:00:00,BTC/USDT,40734.09000000,44000.55000000,40565.39000000,43543.61000000,58349.05542000,2482639471.90759590,1304011
1632182400000,2021-09-21 00:00:00,BTC/USDT,43016.64000000,43639.00000000,39600.00000000,40734.38000000,84534.08048500,3551997786.69035526,1820721
1632096000000,2021-09-20 00:00:00,BTC/USDT,47241.75000000,47347.25000000,42500.00000000,43015.62000000,78003.52444300,3457139274.30007093,1842231
1632009600000,2021-09-19 00:00:00,BTC/USDT,48292.75000000,48372.83000000,46829.18000000,47241.75000000,29847.24349000,1421642879.49320620,909785
1631923200000,2021-09-18 00:00:00,BTC/USDT,47299.98000000,48843.20000000,47035.56000000,48292.74000000,30906.47038000,1491461627.95142250,976346
1631836800000,2021-09-17 00:00:00,BTC/USDT,47737.81000000,48150.00000000,46699.56000000,47299.98000000,34461.92776000,1637122049.41283770,1033968
1631750400000,2021-09-16 00:00:00,BTC/USDT,48121.40000000,48557.00000000,47021.10000000,47737.82000000,40725.08895000,1948447232.91071780,1176129
1631664000000,2021-09-15 00:00:00,BTC/USDT,47103.28000000,48500.00000000,46682.32000000,48121.41000000,43204.71174000,2056996398.84396170,1176050
1631577600000,2021-09-14 00:00:00,BTC/USDT,44940.72000000,47250.00000000,44594.44000000,47111.52000000,44855.85099000,2072259519.06191970,1210258
1631491200000,2021-09-13 00:00:00,BTC/USDT,46025.23000000,46880.00000000,43370.00000000,44940.73000000,65429.15056000,2930668118.26163420,1703512
1631404800000,2021-09-12 00:00:00,BTC/USDT,45173.68000000,46460.00000000,44742.06000000,46025.24000000,32094.28052000,1464780920.21998130,1179808
1631318400000,2021-09-11 00:00:00,BTC/USDT,44842.20000000,45987.93000000,44722.22000000,45173.69000000,30440.40810000,1380370764.01271670,1060890
1631232000000,2021-09-10 00:00:00,BTC/USDT,46395.14000000,47033.00000000,44132.29000000,44850.91000000,49048.26618000,2243698626.03951660,1569941
1631145600000,2021-09-09 00:00:00,BTC/USDT,46048.31000000,47399.97000000,45513.08000000,46395.14000000,50651.66002000,2351862983.51824120,1567586
1631059200000,2021-09-08 00:00:00,BTC/USDT,46868.57000000,47340.99000000,44412.02000000,46048.31000000,65069.31520000,3000605793.93896050,1796101
1630972800000,2021-09-07 00:00:00,BTC/USDT,52666.20000000,52920.00000000,42843.05000000,46863.73000000,123048.80271900,6004105772.87044281,3321711
1630886400000,2021-09-06 00:00:00,BTC/USDT,51756.88000000,52780.00000000,50969.33000000,52663.90000000,49249.66708100,2549290983.05687762,1678015
1630800000000,2021-09-05 00:00:00,BTC/USDT,49917.54000000,51900.00000000,49450.00000000,51756.88000000,40544.83587300,2049212025.84465917,1417660
1630713600000,2021-09-04 00:00:00,BTC/USDT,49998.00000000,50535.69000000,49370.00000000,49915.64000000,34664.65959000,1733527136.44425870,1225830
1630627200000,2021-09-03 00:00:00,BTC/USDT,49246.63000000,51000.00000000,48316.84000000,49999.14000000,59025.64415700,2949574478.07173762,1645163
1630540800000,2021-09-02 00:00:00,BTC/USDT,48810.51000000,50450.13000000,48584.06000000,49246.64000000,54410.77053800,2704192314.67468902,1549849
1630454400000,2021-09-01 00:00:00,BTC/USDT,47100.89000000,49156.00000000,46512.00000000,48810.52000000,49904.65528000,2386074445.41585230,1280384
1630368000000,2021-08-31 00:00:00,BTC/USDT,46982.91000000,48246.11000000,46700.00000000,47100.89000000,48645.52737000,2303799571.38227270,1300400
1630281600000,2021-08-30 00:00:00,BTC/USDT,48767.84000000,48888.61000000,46853.00000000,46982.91000000,40288.35083000,1932344430.92392620,1204012
1630195200000,2021-08-29 00:00:00,BTC/USDT,48895.35000000,49632.27000000,47762.54000000,48767.83000000,32652.28347300,1588661416.36037966,1193046
1630108800000,2021-08-28 00:00:00,BTC/USDT,49069.90000000,49299.00000000,48346.88000000,48895.35000000,26681.06378600,1303966035.77054955,793012
1630022400000,2021-08-27 00:00:00,BTC/USDT,46843.86000000,49149.93000000,46348.00000000,49069.90000000,42068.10496500,2007071230.21999509,1320503
1629936000000,2021-08-26 00:00:00,BTC/USDT,48973.32000000,49352.84000000,46250.00000000,46843.87000000,49371.27777400,2333900030.22962785,1532753
1629849600000,2021-08-25 00:00:00,BTC/USDT,47674.01000000,49264.30000000,47126.28000000,48973.32000000,44655.83034200,2149442271.52642047,1559186
1629763200000,2021-08-24 00:00:00,BTC/USDT,49488.85000000,49860.00000000,47600.00000000,47674.01000000,51014.59474800,2486079315.56442367,1692896
1629676800000,2021-08-23 00:00:00,BTC/USDT,49239.22000000,50500.00000000,49029.00000000,49488.85000000,52462.54195400,2616721363.68517193,2143309
1629590400000,2021-08-22 00:00:00,BTC/USDT,48821.88000000,49500.00000000,48050.00000000,49239.22000000,37007.88779500,1807169840.16917142,1610192
1629504000000,2021-08-21 00:00:00,BTC/USDT,49322.47000000,49757.04000000,48222.00000000,48821.87000000,46745.13658400,2290966131.37616106,2069725
1629417600000,2021-08-20 00:00:00,BTC/USDT,46760.62000000,49382.99000000,46622.99000000,49322.47000000,56850.35222800,2721131744.27781711,1950404
1629331200000,2021-08-19 00:00:00,BTC/USDT,44699.37000000,47033.00000000,43927.70000000,46760.62000000,53411.75392000,2416320067.13376884,1774382
1629244800000,2021-08-18 00:00:00,BTC/USDT,44695.95000000,46000.00000000,44203.28000000,44705.29000000,54099.41598500,2439673265.94711701,1656723
1629158400000,2021-08-17 00:00:00,BTC/USDT,45901.30000000,47160.00000000,44376.00000000,44695.95000000,57039.34162900,2616339597.91574244,1781303
1629072000000,2021-08-16 00:00:00,BTC/USDT,46973.82000000,48053.83000000,45660.00000000,45901.29000000,52480.57401400,2462127629.60902359,1655378
1628985600000,2021-08-15 00:00:00,BTC/USDT,47068.50000000,47372.27000000,45500.00000000,46973.82000000,42110.71133400,1950753713.21212474,1580122
1628899200000,2021-08-14 00:00:00,BTC/USDT,47799.99000000,48144.00000000,45971.03000000,47068.51000000,46114.35902200,2166461458.66824897,1849556
1628812800000,2021-08-13 00:00:00,BTC/USDT,44400.06000000,47886.00000000,44217.39000000,47800.00000000,48239.37043100,2239435701.11779154,1804716
1628726400000,2021-08-12 00:00:00,BTC/USDT,45510.67000000,46218.12000000,43770.00000000,44399.00000000,55266.10878100,2478758524.86417613,1623329
1628640000000,2021-08-11 00:00:00,BTC/USDT,45585.00000000,46743.47000000,45341.14000000,45511.00000000,52734.90197700,2432788769.83269651,1862925
1628553600000,2021-08-10 00:00:00,BTC/USDT,46248.87000000,46700.00000000,44589.46000000,45584.99000000,53814.64342100,2452485823.93365419,1951330
1628467200000,2021-08-09 00:00:00,BTC/USDT,43794.36000000,46454.15000000,42779.00000000,46253.40000000,74587.88484500,3362870286.25811797,2130595
1628380800000,2021-08-08 00:00:00,BTC/USDT,44572.54000000,45310.00000000,43261.00000000,43794.37000000,69329.09269800,3074924734.87934016,1857112
1628294400000,2021-08-07 00:00:00,BTC/USDT,42836.87000000,44700.00000000,42446.41000000,44572.54000000,73396.74080800,3197407326.03679334,2258213
1628208000000,2021-08-06 00:00:00,BTC/USDT,40862.46000000,43392.43000000,39853.86000000,42836.87000000,75753.94134700,3148022459.91615849,2223356
1628121600000,2021-08-05 00:00:00,BTC/USDT,39723.17000000,41350.00000000,37332.70000000,40862.46000000,84343.75562100,3314527738.33973321,1913281
1628035200000,2021-08-04 00:00:00,BTC/USDT,38207.04000000,39969.66000000,37508.56000000,39723.18000000,52329.35243000,2028792778.18480471,1220555
1627948800000,2021-08-03 00:00:00,BTC/USDT,39146.86000000,39780.00000000,37642.03000000,38207.05000000,57117.43585300,2195360658.56732878,1379871
1627862400000,2021-08-02 00:00:00,BTC/USDT,39850.27000000,40480.01000000,38690.00000000,39147.82000000,50837.35195400,2010928003.59440882,1162878
1627776000000,2021-08-01 00:00:00,BTC/USDT,41461.84000000,42599.00000000,39422.01000000,39845.44000000,53953.18632600,2227567271.48786541,1603964
1627689600000,2021-07-31 00:00:00,BTC/USDT,42206.36000000,42448.00000000,41000.15000000,41461.83000000,44849.79101200,1868285510.88467891,1565380
1627603200000,2021-07-30 00:00:00,BTC/USDT,40018.49000000,42316.71000000,38313.23000000,42206.37000000,73602.78480500,2939833541.38153644,1797012
1627516800000,2021-07-29 00:00:00,BTC/USDT,40019.57000000,40640.00000000,39200.00000000,40016.48000000,53998.43928300,2154190697.34531810,1428738
1627430400000,2021-07-28 00:00:00,BTC/USDT,39456.61000000,40900.00000000,38772.00000000,40019.56000000,101344.52844100,4040889461.66152784,2631048
1627344000000,2021-07-27 00:00:00,BTC/USDT,37241.33000000,39542.61000000,36383.00000000,39457.87000000,88397.26701500,3335658261.99554664,1938478
1627257600000,2021-07-26 00:00:00,BTC/USDT,35381.02000000,40550.00000000,35205.78000000,37237.60000000,152452.51272400,5832475057.06567638,3330102
1627171200000,2021-07-25 00:00:00,BTC/USDT,34261.51000000,35398.00000000,33851.12000000,35381.02000000,47852.92831300,1646935552.80554462,1245775
1627084800000,2021-07-24 00:00:00,BTC/USDT,33634.10000000,34500.00000000,33401.14000000,34258.14000000,47977.55013800,1625046258.43655218,1196914
1626998400000,2021-07-23 00:00:00,BTC/USDT,32287.58000000,33650.00000000,31924.32000000,33634.09000000,50112.86362600,1631947003.07304657,1394786
1626912000000,2021-07-22 00:00:00,BTC/USDT,32144.51000000,32591.35000000,31708.00000000,32287.83000000,46148.09243300,1482763544.95053643,1000742
1626825600000,2021-07-21 00:00:00,BTC/USDT,29790.34000000,32858.00000000,29482.61000000,32144.51000000,82796.26512800,2603140706.08222436,1415058
1626739200000,2021-07-20 00:00:00,BTC/USDT,30839.65000000,31063.07000000,29278.00000000,29790.35000000,61034.04901700,1821230700.02039109,1062139
1626652800000,2021-07-19 00:00:00,BTC/USDT,31778.57000000,31899.00000000,30407.44000000,30839.65000000,47340.46849900,1470563281.93650284,846029
1626566400000,2021-07-18 00:00:00,BTC/USDT,31520.07000000,32435.00000000,31108.97000000,31778.56000000,35923.71618600,1140964365.64660148,760979
1626480000000,2021-07-17 00:00:00,BTC/USDT,31383.86000000,31955.92000000,31164.31000000,31520.07000000,34012.24213200,1072815966.33630751,883442
1626393600000,2021-07-16 00:00:00,BTC/USDT,31874.49000000,32249.18000000,31020.00000000,31383.87000000,48499.86415400,1538342711.57965672,1067591
1626307200000,2021-07-15 00:00:00,BTC/USDT,32820.03000000,33185.25000000,31133.00000000,31880.00000000,51639.57635300,1652077965.43655981,1099367
1626220800000,2021-07-14 00:00:00,BTC/USDT,32729.12000000,33114.03000000,31550.00000000,32820.02000000,46777.82348400,1515692074.98754753,1123129
1626134400000,2021-07-13 00:00:00,BTC/USDT,33086.94000000,33340.00000000,32202.25000000,32729.77000000,41126.36100800,1348583017.01034310,956053
1626048000000,2021-07-12 00:00:00,BTC/USDT,34259.00000000,34678.43000000,32658.34000000,33086.63000000,48181.40376200,1620646741.33496329,1176847
1625961600000,2021-07-11 00:00:00,BTC/USDT,33502.87000000,34666.00000000,33306.47000000,34258.99000000,31572.64744800,1070033013.19204486,952891
1625875200000,2021-07-10 00:00:00,BTC/USDT,33815.81000000,34262.00000000,33004.78000000,33502.87000000,34761.17546800,1171790111.08299535,865508
1625788800000,2021-07-09 00:00:00,BTC/USDT,32875.71000000,34100.00000000,32261.07000000,33815.81000000,47153.93989900,1562958239.39137620,1236351
1625702400000,2021-07-08 00:00:00,BTC/USDT,33862.11000000,33929.64000000,32077.00000000,32875.71000000,70136.48032000,2304973020.29871520,1257892
1625616000000,2021-07-07 00:00:00,BTC/USDT,34220.02000000,35059.09000000,33777.77000000,33862.12000000,53807.52167500,1857658028.48080391,1041416
1625529600000,2021-07-06 00:00:00,BTC/USDT,33690.15000000,35118.88000000,33532.00000000,34220.01000000,58210.59634900,1991691100.94826585,1184687
1625443200000,2021-07-05 00:00:00,BTC/USDT,35288.13000000,35293.78000000,33125.55000000,33690.14000000,64123.87424500,2183406257.49382919,1109367
1625356800000,2021-07-04 00:00:00,BTC/USDT,34669.12000000,35967.85000000,34357.15000000,35286.51000000,43703.47578900,1544458212.39263313,1164970
1625270400000,2021-07-03 00:00:00,BTC/USDT,33786.54000000,34945.61000000,33316.73000000,34669.13000000,43044.57864100,1478423023.50348303,1078278
1625184000000,2021-07-02 00:00:00,BTC/USDT,33502.33000000,33977.04000000,32699.00000000,33786.55000000,56172.18137800,1870193042.39353716,1176457
1625097600000,2021-07-01 00:00:00,BTC/USDT,35045.00000000,35057.57000000,32711.00000000,33504.69000000,71708.26611200,2410809595.39045694,1240681
1625011200000,2021-06-30 00:00:00,BTC/USDT,35911.72000000,36100.00000000,34017.55000000,35045.00000000,77152.19763400,2688939291.09567313,1301036
1624924800000,2021-06-29 00:00:00,BTC/USDT,34494.89000000,36600.00000000,34225.43000000,35911.73000000,90788.79622000,3233947791.86338857,1673802
1624838400000,2021-06-28 00:00:00,BTC/USDT,34702.49000000,35297.71000000,33862.72000000,34494.89000000,82222.26781900,2837122779.52440164,1868627
1624752000000,2021-06-27 00:00:00,BTC/USDT,32283.65000000,34749.00000000,31973.45000000,34700.34000000,96613.24421100,3199980157.75033328,1799875
1624665600000,2021-06-26 00:00:00,BTC/USDT,31576.09000000,32730.00000000,30151.00000000,32283.65000000,107820.37528700,3376415451.79312412,1814051
1624579200000,2021-06-25 00:00:00,BTC/USDT,34663.08000000,35500.00000000,31275.00000000,31584.45000000,116061.13035600,3846120542.65729680,2094932
1624492800000,2021-06-24 00:00:00,BTC/USDT,33675.07000000,35298.00000000,32286.57000000,34663.09000000,86625.80426000,2925373222.10597716,1531230
1624406400000,2021-06-23 00:00:00,BTC/USDT,32509.56000000,34881.00000000,31683.00000000,33678.07000000,126966.10056300,4282250433.91944518,2026228
1624320000000,2021-06-22 00:00:00,BTC/USDT,31614.12000000,33298.78000000,28805.00000000,32509.56000000,204208.17976200,6406159197.07678900,3113977
1624233600000,2021-06-21 00:00:00,BTC/USDT,35600.17000000,35750.00000000,31251.23000000,31608.93000000,168778.87315900,5545926077.78806706,2688993
1624147200000,2021-06-20 00:00:00,BTC/USDT,35483.72000000,36137.72000000,33336.00000000,35600.16000000,89878.17085000,3124634336.84076064,1691871
1624060800000,2021-06-19 00:00:00,BTC/USDT,35820.48000000,36457.00000000,34803.52000000,35483.72000000,68712.44946100,2453817534.77716944,1212278
1623974400000,2021-06-18 00:00:00,BTC/USDT,38092.97000000,38202.84000000,35129.29000000,35819.84000000,95228.04293500,3507868126.30620260,1809253
1623888000000,2021-06-17 00:00:00,BTC/USDT,38349.00000000,39559.88000000,37365.00000000,38092.97000000,79541.30711900,3065622530.03988603,1620210
1623801600000,2021-06-16 00:00:00,BTC/USDT,40143.80000000,40527.14000000,38116.01000000,38349.01000000,87771.97693700,3450556041.60058353,2134897
1623715200000,2021-06-15 00:00:00,BTC/USDT,40516.28000000,41330.00000000,39506.40000000,40144.04000000,80679.62283800,3247746713.62740970,1931890
1623628800000,2021-06-14 00:00:00,BTC/USDT,39020.56000000,41064.05000000,38730.00000000,40516.29000000,108522.39194900,4320307646.76538952,2185089
1623542400000,2021-06-13 00:00:00,BTC/USDT,35546.12000000,39380.00000000,34757.00000000,39020.57000000,86921.02555500,3208991521.63768005,1894103
1623456000000,2021-06-12 00:00:00,BTC/USDT,37331.98000000,37463.63000000,34600.36000000,35546.11000000,87717.54999000,3132387326.53751386,1719650
1623369600000,2021-06-11 00:00:00,BTC/USDT,36677.83000000,37680.40000000,35936.77000000,37331.98000000,78466.00530000,2903043643.31007191,1727645
1623283200000,2021-06-10 00:00:00,BTC/USDT,37388.05000000,38491.00000000,35782.00000000,36675.72000000,109527.28494300,4062957162.36429993,2231430
1623196800000,2021-06-09 00:00:00,BTC/USDT,33380.80000000,37534.79000000,32396.82000000,37388.05000000,136607.59751700,4794741674.43882304,2601479
1623110400000,2021-06-08 00:00:00,BTC/USDT,33556.96000000,34068.01000000,31000.00000000,33380.81000000,123251.18903700,4030784324.60968405,2074885
1623024000000,2021-06-07 00:00:00,BTC/USDT,35796.31000000,36900.00000000,33300.00000000,33552.79000000,77574.95257300,2755673601.71391388,1532260
1622937600000,2021-06-06 00:00:00,BTC/USDT,35516.07000000,36480.00000000,35222.00000000,35796.31000000,47650.20663700,1711857075.04716966,993430
1622851200000,2021-06-05 00:00:00,BTC/USDT,36829.15000000,37925.00000000,34800.00000000,35513.20000000,70459.62149000,2560547116.83640575,1463754
1622764800000,2021-06-04 00:00:00,BTC/USDT,39246.78000000,39289.07000000,35555.15000000,36829.00000000,91317.79924500,3379399754.93052259,1926311
1622678400000,2021-06-03 00:00:00,BTC/USDT,37568.68000000,39476.00000000,37170.00000000,39246.79000000,75889.10601100,2930945325.70920706,1949658
1622592000000,2021-06-02 00:00:00,BTC/USDT,36694.85000000,38225.00000000,35920.00000000,37568.68000000,67587.37249500,2523462575.68843765,1530915
1622505600000,2021-06-01 00:00:00,BTC/USDT,37253.82000000,37894.81000000,35666.00000000,36693.09000000,81234.66377000,2973928300.37558711,1760417
1622419200000,2021-05-31 00:00:00,BTC/USDT,35641.26000000,37499.00000000,34153.84000000,37253.81000000,94160.73528900,3406047734.83112852,1896359
1622332800000,2021-05-30 00:00:00,BTC/USDT,34605.15000000,36488.00000000,33379.00000000,35641.27000000,73535.38696700,2601994948.14824216,1559892
1622246400000,2021-05-29 00:00:00,BTC/USDT,35661.79000000,37338.58000000,33632.76000000,34605.15000000,112663.09268900,3949843335.32259506,2169643
1622160000000,2021-05-28 00:00:00,BTC/USDT,38529.99000000,38877.83000000,34684.00000000,35663.49000000,135377.62972000,4926260941.93361343,2659178
1622073600000,2021-05-27 00:00:00,BTC/USDT,39241.92000000,40411.14000000,37134.27000000,38529.98000000,86547.15879400,3361413526.05354346,2102182
1621987200000,2021-05-26 00:00:00,BTC/USDT,38324.72000000,40841.00000000,37800.44000000,39241.91000000,104780.77339600,4113717505.26355481,2432319
1621900800000,2021-05-25 00:00:00,BTC/USDT,38810.99000000,39791.77000000,36419.62000000,38324.72000000,111996.22840400,4253519579.37872882,2508310
1621814400000,2021-05-24 00:00:00,BTC/USDT,34681.44000000,39920.00000000,34031.00000000,38796.29000000,161630.89397100,5996773032.15134490,3510578
1621728000000,2021-05-23 00:00:00,BTC/USDT,37458.51000000,38270.64000000,31111.01000000,34655.25000000,217136.04659300,7431242463.20384205,4082004
1621641600000,2021-05-22 00:00:00,BTC/USDT,37263.35000000,38829.00000000,35200.62000000,37449.73000000,126542.24368900,4730567647.67440109,2716691
1621555200000,2021-05-21 00:00:00,BTC/USDT,40525.39000000,42200.00000000,33488.00000000,37252.01000000,202100.88825800,7713346610.27412883,3993336
1621468800000,2021-05-20 00:00:00,BTC/USDT,36671.23000000,42451.67000000,34850.00000000,40526.64000000,203017.59692300,8019897067.17621988,4269898
1621382400000,2021-05-19 00:00:00,BTC/USDT,42849.78000000,43584.90000000,30000.00000000,36690.09000000,354347.24316100,13477694934.87179764,6331062
1621296000000,2021-05-18 00:00:00,BTC/USDT,43538.02000000,45799.29000000,42250.02000000,42849.78000000,116979.86078400,5146670282.54790183,2561165
1621209600000,2021-05-17 00:00:00,BTC/USDT,46426.83000000,46686.00000000,42001.00000000,43538.04000000,166657.17273600,7346755531.93385754,3216821
1621123200000,2021-05-16 00:00:00,BTC/USDT,46762.99000000,49795.89000000,43825.39000000,46431.50000000,114269.81277500,5367497608.11590065,2661295
1621036800000,2021-05-15 00:00:00,BTC/USDT,49844.16000000,50700.00000000,46555.00000000,46762.99000000,89437.44935900,4350775846.51735788,2286791
1620950400000,2021-05-14 00:00:00,BTC/USDT,49671.92000000,51483.00000000,48799.75000000,49841.45000000,80082.20430600,4015904915.40791062,2095860
1620864000000,2021-05-13 00:00:00,BTC/USDT,49537.15000000,51367.19000000,46000.00000000,49670.97000000,147332.00212100,7303694688.60140086,3570506
1620777600000,2021-05-12 00:00:00,BTC/USDT,56670.02000000,58000.01000000,48600.00000000,49631.32000000,99842.78983600,5476115093.11046791,2676826
1620691200000,2021-05-11 00:00:00,BTC/USDT,55816.14000000,56862.43000000,54370.00000000,56670.02000000,64329.54055000,3583030654.76301904,1911480
1620604800000,2021-05-10 00:00:00,BTC/USDT,58240.83000000,59500.00000000,53400.00000000,55816.14000000,89586.34925000,5131782639.96613736,2575419
1620518400000,2021-05-09 00:00:00,BTC/USDT,58866.53000000,59300.00000000,56235.66000000,58240.84000000,69806.11991000,4043552701.50659866,2170139
1620432000000,2021-05-08 00:00:00,BTC/USDT,57315.49000000,59500.00000000,56900.00000000,58862.05000000,69709.90602800,4079553831.98806437,2311378
1620345600000,2021-05-07 00:00:00,BTC/USDT,56393.68000000,58650.00000000,55241.63000000,57314.75000000,74542.74782900,4239374487.47477234,2361692
1620259200000,2021-05-06 00:00:00,BTC/USDT,57436.11000000,58360.00000000,55200.00000000,56393.68000000,70181.67190800,3992289527.73709740,2459881
1620172800000,2021-05-05 00:00:00,BTC/USDT,53205.05000000,58069.82000000,52900.00000000,57436.11000000,77263.92343900,4327994296.15143644,2378119
1620086400000,2021-05-04 00:00:00,BTC/USDT,57169.39000000,57200.00000000,53046.69000000,53200.01000000,85324.62590300,4705402064.30097516,2492629
1620000000000,2021-05-03 00:00:00,BTC/USDT,56578.21000000,58981.44000000,56435.00000000,57169.39000000,57649.93128600,3337604542.62738077,2102128
1619913600000,2021-05-02 00:00:00,BTC/USDT,57797.35000000,57911.02000000,56035.25000000,56578.21000000,36812.87886300,2089763230.43962683,1371638
1619827200000,2021-05-01 00:00:00,BTC/USDT,57697.25000000,58458.07000000,56956.14000000,57800.37000000,42600.35183600,2460342954.84252080,1743013
1619740800000,2021-04-30 00:00:00,BTC/USDT,53555.00000000,57963.00000000,53013.01000000,57694.27000000,68578.91004500,3808187372.73937955,2267648
1619654400000,2021-04-29 00:00:00,BTC/USDT,54846.23000000,55195.84000000,52330.94000000,53555.00000000,52486.01945500,2823220335.47604128,1763676
1619568000000,2021-04-28 00:00:00,BTC/USDT,55011.97000000,56428.00000000,53813.16000000,54846.22000000,55130.45901500,3020242787.50667770,1830042
1619481600000,2021-04-27 00:00:00,BTC/USDT,54001.38000000,55460.00000000,53222.00000000,55011.97000000,54064.03467500,2949719328.36698972,1568666
1619395200000,2021-04-26 00:00:00,BTC/USDT,49066.76000000,54356.62000000,48753.44000000,54001.39000000,86310.80212400,4555688503.39738704,2174544
1619308800000,2021-04-25 00:00:00,BTC/USDT,50047.84000000,50567.91000000,46930.00000000,49066.77000000,58255.64500400,2867858315.18731958,1475479
1619222400000,2021-04-24 00:00:00,BTC/USDT,51110.56000000,51166.22000000,48657.14000000,50047.84000000,55361.51257300,2762081002.87866301,1164985
1619136000000,2021-04-23 00:00:00,BTC/USDT,51690.95000000,52131.85000000,47500.00000000,51125.14000000,132230.78071900,6571097317.46791836,2888237
1619049600000,2021-04-22 00:00:00,BTC/USDT,53787.62000000,55521.48000000,50500.00000000,51690.96000000,104656.63133700,5594983857.31809224,2744621
1618963200000,2021-04-21 00:00:00,BTC/USDT,56425.00000000,56757.91000000,53536.02000000,53787.63000000,66984.75690900,3704549578.69730319,2134946
1618876800000,2021-04-20 00:00:00,BTC/USDT,55633.14000000,57076.24000000,53329.96000000,56425.00000000,72744.48215100,4037701391.61952629,2148820
1618790400000,2021-04-19 00:00:00,BTC/USDT,56150.01000000,57526.81000000,54221.58000000,55633.14000000,78229.04226700,4398619580.64714330,2390527
1618704000000,2021-04-18 00:00:00,BTC/USDT,60006.67000000,60499.00000000,50931.30000000,56150.01000000,124882.13182400,6949379727.42915424,3444089
1618617600000,2021-04-17 00:00:00,BTC/USDT,61334.81000000,62506.05000000,59580.91000000,60006.66000000,58912.25612800,3605701810.67504697,2268816
1618531200000,2021-04-16 00:00:00,BTC/USDT,63158.74000000,63520.61000000,60000.00000000,61334.80000000,91764.13988400,5647292669.61549332,2639940
1618444800000,2021-04-15 00:00:00,BTC/USDT,62959.53000000,63800.00000000,62020.00000000,63159.98000000,51649.70034000,3248931738.29318204,1938028
1618358400000,2021-04-14 00:00:00,BTC/USDT,63575.01000000,64854.00000000,61301.00000000,62959.53000000,82616.34399300,5239081228.15697651,2645625
1618272000000,2021-04-13 00:00:00,BTC/USDT,59860.01000000,63777.77000000,59805.15000000,63575.00000000,82848.68874600,5154877375.38961765,2703735
1618185600000,2021-04-12 00:00:00,BTC/USDT,59998.80000000,61300.00000000,59350.59000000,59860.00000000,56375.03711700,3393042867.87146672,1806298
1618099200000,2021-04-11 00:00:00,BTC/USDT,59769.13000000,60699.00000000,59232.52000000,60002.43000000,41156.71539100,2462032926.61798127,1746102
1618012800000,2021-04-10 00:00:00,BTC/USDT,58142.55000000,61500.00000000,57900.01000000,59769.13000000,69906.42411700,4197138552.46903365,2470398
1617926400000,2021-04-09 00:00:00,BTC/USDT,58077.52000000,58894.90000000,57654.00000000,58142.54000000,40831.88491100,2378340697.28958427,1615962
1617840000000,2021-04-08 00:00:00,BTC/USDT,55953.44000000,58153.31000000,55700.00000000,58077.52000000,44283.14701900,2531779682.55242696,1661080
1617753600000,2021-04-07 00:00:00,BTC/USDT,57990.03000000,58655.00000000,55473.00000000,55953.45000000,71228.40565900,4053294016.48451469,2206433
1617667200000,2021-04-06 00:00:00,BTC/USDT,59129.99000000,59495.24000000,57413.02000000,57991.15000000,54201.00072700,3166911557.14815778,1960513
1617580800000,2021-04-05 00:00:00,BTC/USDT,58202.01000000,59272.00000000,56777.77000000,59129.99000000,54258.01579000,3155214764.16448552,2035877
1617494400000,2021-04-04 00:00:00,BTC/USDT,57051.95000000,58492.85000000,56388.00000000,58202.01000000,41314.08197300,2380139010.73023250,1499113
1617408000000,2021-04-03 00:00:00,BTC/USDT,58950.01000000,59791.72000000,56880.00000000,57051.94000000,47409.85211300,2783151686.16453709,1606805
1617321600000,2021-04-02 00:00:00,BTC/USDT,58720.45000000,60200.00000000,58428.57000000,58950.01000000,47382.41878100,2811159761.26846735,1666356
1617235200000,2021-04-01 00:00:00,BTC/USDT,58739.46000000,59490.00000000,57935.45000000,58720.44000000,47415.61722000,2789238879.94337348,1594431
1617148800000,2021-03-31 00:00:00,BTC/USDT,58746.57000000,59800.00000000,56769.00000000,58740.55000000,60975.54266600,3575976083.80457570,1928224
1617062400000,2021-03-30 00:00:00,BTC/USDT,57635.46000000,59368.00000000,57071.35000000,58746.57000000,55122.44312200,3221944107.45503046,1612744
1616976000000,2021-03-29 00:00:00,BTC/USDT,55777.65000000,58405.82000000,54800.01000000,57635.47000000,67857.93739800,3877131109.73464578,1983437
1616889600000,2021-03-28 00:00:00,BTC/USDT,55817.14000000,56559.75000000,54691.84000000,55777.63000000,39050.38751100,2178777329.44521665,1551283
1616803200000,2021-03-27 00:00:00,BTC/USDT,55025.59000000,56700.36000000,53950.00000000,55817.14000000,50105.47505500,2767070175.86193082,1528776
1616716800000,2021-03-26 00:00:00,BTC/USDT,51293.78000000,55073.46000000,51214.60000000,55025.59000000,63813.77469200,3397036140.75163746,1773150
1616630400000,2021-03-25 00:00:00,BTC/USDT,52303.66000000,53287.00000000,50427.56000000,51293.78000000,87400.53453800,4536327184.95786042,2099425
1616544000000,2021-03-24 00:00:00,BTC/USDT,54342.80000000,57200.00000000,51700.00000000,52303.65000000,83537.46502100,4583159614.04646126,2401988
1616457600000,2021-03-23 00:00:00,BTC/USDT,54083.25000000,55830.90000000,53000.00000000,54340.89000000,59789.36542700,3264650774.81746144,1740349
1616371200000,2021-03-22 00:00:00,BTC/USDT,57351.56000000,58430.73000000,53650.00000000,54083.25000000,62581.62616900,3527479514.32565286,1927345
1616284800000,2021-03-21 00:00:00,BTC/USDT,58100.02000000,58589.10000000,55450.11000000,57351.56000000,48564.47027400,2774223129.62380987,1773546
1616198400000,2021-03-20 00:00:00,BTC/USDT,58030.01000000,59880.00000000,57820.17000000,58102.28000000,44476.94177600,2616535093.05158531,1724131
1616112000000,2021-03-19 00:00:00,BTC/USDT,57641.00000000,59468.00000000,56270.74000000,58030.01000000,52392.65296100,3052711147.93492521,1885830
1616025600000,2021-03-18 00:00:00,BTC/USDT,58912.97000000,60129.97000000,57023.00000000,57648.16000000,66580.40667500,3900885761.21280599,2040947
1615939200000,2021-03-17 00:00:00,BTC/USDT,56900.74000000,58974.73000000,54123.69000000,58912.97000000,70421.62084100,3960992972.15429223,2204296
1615852800000,2021-03-16 00:00:00,BTC/USDT,55605.20000000,56938.29000000,53271.34000000,56900.75000000,77986.69435500,4304259207.64509981,2241208
1615766400000,2021-03-15 00:00:00,BTC/USDT,58976.08000000,60633.43000000,54600.00000000,55605.20000000,102771.42729800,5874241052.09337221,2683815
1615680000000,2021-03-14 00:00:00,BTC/USDT,61188.38000000,61724.79000000,58966.78000000,58968.31000000,52601.05275000,3176397573.88464251,1829769
1615593600000,2021-03-13 00:00:00,BTC/USDT,57221.72000000,61844.00000000,56078.23000000,61188.39000000,83245.09134600,4933383453.24597802,2559002
1615507200000,2021-03-12 00:00:00,BTC/USDT,57773.15000000,58081.51000000,54962.84000000,57221.72000000,73405.40604700,4162054726.37883880,2489931
1615420800000,2021-03-11 00:00:00,BTC/USDT,55851.59000000,58150.00000000,54272.82000000,57773.16000000,81914.81285900,4612366201.00222005,2509970
1615334400000,2021-03-10 00:00:00,BTC/USDT,54874.67000000,57387.69000000,53005.00000000,55851.59000000,84749.23894300,4700197563.35921245,2647284
1615248000000,2021-03-09 00:00:00,BTC/USDT,52375.18000000,54895.00000000,51789.41000000,54884.50000000,71656.73707600,3861450964.65490351,2194398
1615161600000,2021-03-08 00:00:00,BTC/USDT,50959.11000000,52402.78000000,49274.67000000,52375.17000000,66987.35966400,3400847931.03607402,1999401
1615075200000,2021-03-07 00:00:00,BTC/USDT,48882.20000000,51450.03000000,48882.20000000,50971.75000000,55235.02803200,2778875909.44912621,1758101
1614988800000,2021-03-06 00:00:00,BTC/USDT,48746.81000000,49200.00000000,47070.00000000,48882.20000000,44399.23424200,2143910705.29150321,1476474
1614902400000,2021-03-05 00:00:00,BTC/USDT,48374.09000000,49448.93000000,46300.00000000,48751.71000000,78192.49637200,3727133104.83731038,2054216
1614816000000,2021-03-04 00:00:00,BTC/USDT,50349.37000000,51773.88000000,47500.00000000,48374.09000000,82649.71682900,4079837240.85676201,2291936
1614729600000,2021-03-03 00:00:00,BTC/USDT,48436.61000000,52640.00000000,48100.71000000,50349.37000000,81035.91370500,4109521257.54070026,2242131
1614643200000,2021-03-02 00:00:00,BTC/USDT,49595.76000000,50200.00000000,47047.60000000,48440.65000000,64221.06214000,3120472069.90945280,1855583
1614556800000,2021-03-01 00:00:00,BTC/USDT,45134.11000000,49790.00000000,44950.53000000,49587.03000000,85086.11164800,4057515794.86572823,2147223
1614470400000,2021-02-28 00:00:00,BTC/USDT,46103.67000000,46638.46000000,43000.00000000,45135.66000000,83055.36904200,3708359965.45458128,1838345
1614384000000,2021-02-27 00:00:00,BTC/USDT,46276.88000000,48394.00000000,45000.00000000,46106.43000000,66060.83429200,3105897438.55097179,1757720
1614297600000,2021-02-26 00:00:00,BTC/USDT,47073.73000000,48424.11000000,44106.78000000,46276.87000000,109423.20066300,5086374532.73461493,2371766
1614211200000,2021-02-25 00:00:00,BTC/USDT,49676.21000000,52041.73000000,46674.34000000,47073.73000000,83310.67312100,4152188728.14161469,2305679
1614124800000,2021-02-24 00:00:00,BTC/USDT,48891.00000000,51374.99000000,46988.69000000,49676.20000000,91881.20925200,4574033001.37953613,2194532
1614038400000,2021-02-23 00:00:00,BTC/USDT,54087.67000000,54183.59000000,44892.56000000,48891.00000000,169375.02505100,8215839131.24338574,3825196
1613952000000,2021-02-22 00:00:00,BTC/USDT,57412.35000000,57508.47000000,47622.00000000,54087.67000000,134019.43494400,7213386720.43679782,3313083
1613865600000,2021-02-21 00:00:00,BTC/USDT,55841.19000000,58352.80000000,55477.59000000,57408.57000000,58166.70851100,3317998263.34788921,1950533
1613779200000,2021-02-20 00:00:00,BTC/USDT,55906.00000000,57700.46000000,53863.93000000,55841.19000000,80948.20531400,4551890859.85127464,2642846
1613692800000,2021-02-19 00:00:00,BTC/USDT,51552.61000000,56368.00000000,50710.20000000,55906.00000000,79659.77802000,4251167827.68424644,2339215
1613606400000,2021-02-18 00:00:00,BTC/USDT,52117.67000000,52530.00000000,50901.90000000,51552.60000000,60758.04695400,3149973077.48746591,1891592
1613520000000,2021-02-17 00:00:00,BTC/USDT,49133.45000000,52618.74000000,48947.00000000,52119.71000000,85743.63781800,4365831514.81529820,2514374
1613433600000,2021-02-16 00:00:00,BTC/USDT,47911.10000000,50689.18000000,47003.62000000,49133.45000000,88813.26629800,4349983777.69236727,2199849
1613347200000,2021-02-15 00:00:00,BTC/USDT,48580.47000000,49010.92000000,45570.79000000,47911.10000000,79398.15678400,3782219060.66472205,2313155
1613260800000,2021-02-14 00:00:00,BTC/USDT,47156.78000000,49707.43000000,47014.17000000,48577.79000000,73735.47553300,3584808348.83473272,2090070
1613174400000,2021-02-13 00:00:00,BTC/USDT,47298.15000000,48150.00000000,46202.53000000,47153.69000000,63768.09739900,3007710147.41815964,2058823
1613088000000,2021-02-12 00:00:00,BTC/USDT,47968.66000000,48985.80000000,46125.00000000,47287.60000000,85870.03569700,4080571908.96766153,2418841
1613001600000,2021-02-11 00:00:00,BTC/USDT,44807.58000000,48678.90000000,43994.02000000,47969.51000000,89561.08145400,4185630934.41089499,2570949
1612915200000,2021-02-10 00:00:00,BTC/USDT,46420.42000000,47310.00000000,43727.00000000,44807.58000000,97154.18220000,4431650130.25110525,2891592
1612828800000,2021-02-09 00:00:00,BTC/USDT,46374.86000000,48142.19000000,44961.09000000,46420.42000000,115499.86171200,5386255398.01718726,3119034
1612742400000,2021-02-08 00:00:00,BTC/USDT,38795.69000000,46794.45000000,37988.89000000,46374.87000000,138597.53691400,5881536976.63569947,3230961
1612656000000,2021-02-07 00:00:00,BTC/USDT,39181.01000000,39700.00000000,37351.00000000,38795.69000000,84363.67976300,3256521384.24061093,1976357
1612569600000,2021-02-06 00:00:00,BTC/USDT,38289.32000000,40955.51000000,38215.94000000,39186.94000000,98757.31118300,3922095148.92815047,2291646
1612483200000,2021-02-05 00:00:00,BTC/USDT,36936.65000000,38310.12000000,36570.00000000,38290.24000000,66681.33427500,2509278291.75158661,1853253
1612396800000,2021-02-04 00:00:00,BTC/USDT,37620.26000000,38708.27000000,36161.95000000,36936.66000000,92080.73589800,3452669022.15329251,2211866
1612310400000,2021-02-03 00:00:00,BTC/USDT,35472.71000000,37662.63000000,35362.38000000,37618.87000000,80784.33366300,2951232788.18430528,1881740
1612224000000,2021-02-02 00:00:00,BTC/USDT,33517.09000000,35984.33000000,33418.00000000,35466.24000000,78056.65988000,2716321896.31760851,1789672
1612137600000,2021-02-01 00:00:00,BTC/USDT,33092.97000000,34717.27000000,32296.16000000,33526.37000000,82718.27688200,2791776658.00560560,1810492
1612051200000,2021-01-31 00:00:00,BTC/USDT,34262.89000000,34342.69000000,32171.67000000,33092.98000000,68742.28038400,2289641045.75801233,1707064
1611964800000,2021-01-30 00:00:00,BTC/USDT,34246.28000000,34933.00000000,32825.00000000,34262.88000000,84889.68134000,2884500062.93807842,2201040
1611878400000,2021-01-29 00:00:00,BTC/USDT,33368.18000000,38531.90000000,31915.40000000,34252.20000000,231827.00562600,8195593336.22846664,4403349
1611792000000,2021-01-28 00:00:00,BTC/USDT,30362.19000000,33783.98000000,29842.10000000,33364.86000000,92621.14561700,2953553214.06568187,2060660
1611705600000,2021-01-27 00:00:00,BTC/USDT,32464.01000000,32557.29000000,29241.72000000,30366.15000000,95911.96171100,2958081421.64155914,2065953
1611619200000,2021-01-26 00:00:00,BTC/USDT,32254.19000000,32921.88000000,30837.37000000,32467.77000000,84972.20691000,2708545364.49464120,2010392
1611532800000,2021-01-25 00:00:00,BTC/USDT,32259.45000000,34875.00000000,31910.00000000,32254.20000000,88499.22692100,2958759288.56356839,2106548
1611446400000,2021-01-24 00:00:00,BTC/USDT,32078.00000000,33071.00000000,30900.00000000,32259.90000000,57978.03796600,1864609665.36570168,1528287
1611360000000,2021-01-23 00:00:00,BTC/USDT,32950.00000000,33456.00000000,31390.16000000,32078.00000000,64595.28767500,2089098295.75843661,1700056
1611273600000,2021-01-22 00:00:00,BTC/USDT,30851.99000000,33826.53000000,28850.00000000,32945.17000000,142971.68404900,4483295872.02227268,2707810
1611187200000,2021-01-21 00:00:00,BTC/USDT,35468.23000000,35600.00000000,30071.00000000,30850.13000000,131803.18292600,4281220573.93542992,2820752
1611100800000,2021-01-20 00:00:00,BTC/USDT,35901.94000000,36415.31000000,33400.00000000,35468.23000000,89368.42291800,3126721093.52077622,2234539
1611014400000,2021-01-19 00:00:00,BTC/USDT,36622.46000000,37850.00000000,35844.06000000,35891.49000000,79611.30776900,2935348499.34421406,1939371
1610928000000,2021-01-18 00:00:00,BTC/USDT,35824.99000000,37469.83000000,34800.00000000,36631.27000000,70698.11875000,2554843260.52439897,1707766
1610841600000,2021-01-17 00:00:00,BTC/USDT,35994.98000000,36852.50000000,33850.00000000,35828.61000000,80157.72738400,2843103040.24066405,1860642
1610755200000,2021-01-16 00:00:00,BTC/USDT,36737.43000000,37950.00000000,35357.80000000,35994.98000000,86348.43150800,3178840336.14928450,2066363
1610668800000,2021-01-15 00:00:00,BTC/USDT,39145.21000000,39747.76000000,34408.00000000,36742.22000000,118300.92091600,4371588898.68163653,2560801
1610582400000,2021-01-14 00:00:00,BTC/USDT,37371.38000000,40100.00000000,36701.23000000,39144.50000000,102950.38942100,3974826638.14508874,2297466
1610496000000,2021-01-13 00:00:00,BTC/USDT,34049.15000000,37850.00000000,32380.00000000,37371.38000000,124477.91493800,4322876606.41962586,2514289
1610409600000,2021-01-12 00:00:00,BTC/USDT,35410.37000000,36628.00000000,32531.00000000,34051.24000000,133948.15199600,4651302423.48411635,2674145
1610323200000,2021-01-11 00:00:00,BTC/USDT,38150.02000000,38264.74000000,30420.00000000,35404.47000000,249131.53994300,8426879770.74001051,4431451
1610236800000,2021-01-10 00:00:00,BTC/USDT,40088.22000000,41350.00000000,35111.11000000,38150.02000000,118209.54450300,4604034729.50707020,2628050
1610150400000,2021-01-09 00:00:00,BTC/USDT,40586.96000000,41380.00000000,38720.00000000,40088.22000000,75785.97967500,3054779029.16177669,1998156
1610064000000,2021-01-08 00:00:00,BTC/USDT,39432.48000000,41950.00000000,36500.00000000,40582.81000000,139789.95749900,5568443208.73136537,2925632
1609977600000,2021-01-07 00:00:00,BTC/USDT,36769.36000000,40365.00000000,36300.00000000,39432.28000000,132825.70043700,5062569943.38337156,2814686
1609891200000,2021-01-06 00:00:00,BTC/USDT,33949.53000000,36939.21000000,33288.00000000,36769.36000000,127139.20131000,4431954248.51961439,2591783
1609804800000,2021-01-05 00:00:00,BTC/USDT,31989.75000000,34360.00000000,29900.00000000,33949.53000000,116049.99703800,3743617144.64691529,2526851
1609718400000,2021-01-04 00:00:00,BTC/USDT,33000.05000000,33600.00000000,28130.00000000,31988.71000000,140899.88569000,4429010349.69534487,2642408
1609632000000,2021-01-03 00:00:00,BTC/USDT,32176.45000000,34778.11000000,31962.99000000,33000.05000000,120957.56675000,4057598425.49201649,2369698
1609545600000,2021-01-02 00:00:00,BTC/USDT,29331.70000000,33300.00000000,28946.53000000,32178.33000000,129993.87336200,4073842163.67154117,2245922
1609459200000,2021-01-01 00:00:00,BTC/USDT,28923.63000000,29600.00000000,28624.57000000,29331.69000000,54182.92501100,1582526989.16187265,1314910
1609372800000,2020-12-31 00:00:00,BTC/USDT,28875.55000000,29300.00000000,27850.00000000,28923.63000000,75508.50515200,2173600125.42007393,1552793
1609286400000,2020-12-30 00:00:00,BTC/USDT,27385.00000000,28996.00000000,27320.00000000,28875.54000000,95356.05782600,2683953237.46027089,1916095
1609200000000,2020-12-29 00:00:00,BTC/USDT,27079.42000000,27410.00000000,25880.00000000,27385.00000000,69411.59260600,1851617219.76823461,1605166
1609113600000,2020-12-28 00:00:00,BTC/USDT,26281.54000000,27500.00000000,26101.00000000,27079.41000000,79721.74249600,2151806808.57435257,1508204
1609027200000,2020-12-27 00:00:00,BTC/USDT,26493.40000000,28422.00000000,25700.00000000,26281.66000000,148455.58621400,4028928683.88202470,2438493
1608940800000,2020-12-26 00:00:00,BTC/USDT,24712.47000000,26867.03000000,24500.00000000,26493.39000000,97806.51338600,2496533065.17558060,1735574
1608854400000,2020-12-25 00:00:00,BTC/USDT,23728.99000000,24789.86000000,23433.60000000,24712.47000000,79519.94356900,1919766316.66773676,1504426
1608768000000,2020-12-24 00:00:00,BTC/USDT,23232.39000000,23794.43000000,22703.42000000,23729.20000000,69013.83425200,1602394244.07677159,1421257
1608681600000,2020-12-23 00:00:00,BTC/USDT,23810.79000000,24100.00000000,22600.00000000,23232.76000000,119047.25973300,2797688007.07187929,2194611
1608595200000,2020-12-22 00:00:00,BTC/USDT,22719.88000000,23837.10000000,22353.40000000,23810.79000000,87033.12616000,2010758620.24352682,1496277
1608508800000,2020-12-21 00:00:00,BTC/USDT,23455.54000000,24102.77000000,21815.00000000,22719.71000000,88030.29724300,2035446293.92897096,1593949
1608422400000,2020-12-20 00:00:00,BTC/USDT,23821.60000000,24295.00000000,23060.00000000,23455.52000000,76690.14568500,1810862074.73030801,1743225
1608336000000,2020-12-19 00:00:00,BTC/USDT,23107.39000000,24171.47000000,22750.00000000,23821.61000000,86045.06467700,2018969878.88686757,1678611
1608249600000,2020-12-18 00:00:00,BTC/USDT,22797.15000000,23285.18000000,22350.00000000,23107.39000000,79646.13431500,1820875361.29459761,1613775
1608163200000,2020-12-17 00:00:00,BTC/USDT,21335.52000000,23800.00000000,21230.00000000,22797.16000000,184882.47674800,4196645567.42587731,2795084
1608076800000,2020-12-16 00:00:00,BTC/USDT,19426.43000000,21560.00000000,19278.60000000,21335.52000000,114306.33557000,2325135958.64184128,1659135
1607990400000,2020-12-15 00:00:00,BTC/USDT,19273.69000000,19570.00000000,19050.00000000,19426.43000000,61834.36601100,1196361527.92580183,1046423
1607904000000,2020-12-14 00:00:00,BTC/USDT,19174.99000000,19349.00000000,19000.00000000,19273.14000000,47257.20129400,906101687.73959502,842382
1607817600000,2020-12-13 00:00:00,BTC/USDT,18808.69000000,19411.00000000,18711.12000000,19174.99000000,56560.82174400,1083520569.09485384,938022
1607731200000,2020-12-12 00:00:00,BTC/USDT,18036.53000000,18948.66000000,18020.70000000,18808.69000000,49519.97843200,915552835.90618337,891810
1607644800000,2020-12-11 00:00:00,BTC/USDT,18254.81000000,18292.73000000,17572.33000000,18036.53000000,72610.72425900,1301081647.30790015,1117810
1607558400000,2020-12-10 00:00:00,BTC/USDT,18541.29000000,18557.32000000,17911.12000000,18254.63000000,52890.67509400,966149529.00060708,891151
1607472000000,2020-12-09 00:00:00,BTC/USDT,18324.11000000,18639.57000000,17650.00000000,18541.28000000,79585.55380100,1450130664.06458426,1302476
1607385600000,2020-12-08 00:00:00,BTC/USDT,19166.90000000,19294.84000000,18200.00000000,18324.11000000,61626.94761400,1160658077.40465900,1143181
1607299200000,2020-12-07 00:00:00,BTC/USDT,19358.67000000,19420.91000000,18902.88000000,19166.90000000,41372.29629300,793517668.68394607,840954
1607212800000,2020-12-06 00:00:00,BTC/USDT,19147.66000000,19420.00000000,18857.00000000,19359.40000000,37043.09186100,709558933.58290580,820382
1607126400000,2020-12-05 00:00:00,BTC/USDT,18650.51000000,19177.00000000,18500.00000000,19147.66000000,42922.74857300,813445434.13081420,932124
1607040000000,2020-12-04 00:00:00,BTC/USDT,19422.34000000,19527.00000000,18565.31000000,18650.52000000,71283.66820000,1358079975.02549805,1286657
1606953600000,2020-12-03 00:00:00,BTC/USDT,19204.08000000,19598.00000000,18867.20000000,19421.90000000,66689.39127900,1286548310.82670579,1242229
1606867200000,2020-12-02 00:00:00,BTC/USDT,18764.96000000,19342.00000000,18330.00000000,19204.09000000,75911.01347800,1436895344.82594950,1566635
1606780800000,2020-12-01 00:00:00,BTC/USDT,19695.87000000,19888.00000000,18001.12000000,18764.96000000,127698.76265200,2446070334.82879867,2023802
1606694400000,2020-11-30 00:00:00,BTC/USDT,18185.00000000,19863.16000000,18184.99000000,19695.87000000,115463.46688800,2205929119.50533619,1744149
1606608000000,2020-11-29 00:00:00,BTC/USDT,17719.84000000,18360.05000000,17517.00000000,18184.99000000,55329.01630300,996743798.86492166,1141289
1606521600000,2020-11-28 00:00:00,BTC/USDT,17139.53000000,17880.49000000,16865.56000000,17719.85000000,64910.69997000,1128061605.10722507,1209385
1606435200000,2020-11-27 00:00:00,BTC/USDT,17149.47000000,17457.62000000,16438.08000000,17139.52000000,85297.02478700,1446670351.43508800,1572299
1606348800000,2020-11-26 00:00:00,BTC/USDT,18718.83000000,18915.03000000,16188.00000000,17149.47000000,181005.24669300,3127314143.10457491,2770483
1606262400000,2020-11-25 00:00:00,BTC/USDT,19160.00000000,19484.21000000,18500.27000000,18719.11000000,93266.57688700,1774870796.28823277,1785408
1606176000000,2020-11-24 00:00:00,BTC/USDT,18368.01000000,19418.97000000,18018.00000000,19160.01000000,113581.50924100,2145301450.45794128,2179862
1606089600000,2020-11-23 00:00:00,BTC/USDT,18413.88000000,18766.00000000,18000.00000000,18368.00000000,82961.50609300,1529064319.66944352,1629379
1606003200000,2020-11-22 00:00:00,BTC/USDT,18703.80000000,18750.00000000,17610.86000000,18414.43000000,81645.73777800,1497662550.05404281,1528524
1605916800000,2020-11-21 00:00:00,BTC/USDT,18655.66000000,18965.90000000,18308.58000000,18703.80000000,75577.45839400,1413641591.28417115,1451352
1605830400000,2020-11-20 00:00:00,BTC/USDT,17802.81000000,18815.22000000,17740.04000000,18655.67000000,88423.01848900,1623135138.59107146,1444692
1605744000000,2020-11-19 00:00:00,BTC/USDT,17777.75000000,18179.80000000,17335.65000000,17802.82000000,93009.56100800,1656794228.85376354,1513304
1605657600000,2020-11-18 00:00:00,BTC/USDT,17659.38000000,18476.93000000,17214.45000000,17776.12000000,149019.78813400,2663337935.50029849,2091832
1605571200000,2020-11-17 00:00:00,BTC/USDT,16713.08000000,17858.82000000,16538.00000000,17659.38000000,115221.40310200,1982752071.45051193,1646652
1605484800000,2020-11-16 00:00:00,BTC/USDT,15957.00000000,16880.00000000,15864.00000000,16713.57000000,81300.67592400,1335728013.90576045,1202386
1605398400000,2020-11-15 00:00:00,BTC/USDT,16069.56000000,16180.00000000,15774.72000000,15957.00000000,43596.84151300,696651729.74525343,854441
1605312000000,2020-11-14 00:00:00,BTC/USDT,16320.04000000,16326.99000000,15670.00000000,16070.45000000,59116.34717900,944765868.60941899,931424
1605225600000,2020-11-13 00:00:00,BTC/USDT,16291.85000000,16480.00000000,15952.35000000,16320.70000000,75691.88101400,1230358611.12488923,1208773
1605139200000,2020-11-12 00:00:00,BTC/USDT,15684.25000000,16340.70000000,15440.64000000,16291.86000000,102196.35659200,1628755508.67419840,1472049
1605052800000,2020-11-11 00:00:00,BTC/USDT,15297.21000000,15965.00000000,15272.68000000,15684.24000000,78469.74645800,1226425496.36185528,1247167
1604966400000,2020-11-10 00:00:00,BTC/USDT,15328.41000000,15460.00000000,15072.46000000,15297.21000000,61681.91960600,943615126.08915049,1093466
1604880000000,2020-11-09 00:00:00,BTC/USDT,15475.10000000,15840.00000000,14805.54000000,15328.41000000,108976.33413400,1670447935.51417895,1505441
1604793600000,2020-11-08 00:00:00,BTC/USDT,14818.30000000,15650.00000000,14703.88000000,15475.10000000,65547.17857400,998031373.83978030,998773
1604707200000,2020-11-07 00:00:00,BTC/USDT,15579.93000000,15753.52000000,14344.22000000,14818.30000000,101431.20655300,1536510177.09147370,1557021
1604620800000,2020-11-06 00:00:00,BTC/USDT,15590.02000000,15960.00000000,15166.00000000,15579.92000000,122618.19769500,1909660728.82292043,1654968
1604534400000,2020-11-05 00:00:00,BTC/USDT,14144.01000000,15750.00000000,14093.56000000,15590.02000000,143741.52267300,2131865609.29089107,1736055
1604448000000,2020-11-04 00:00:00,BTC/USDT,14023.53000000,14259.00000000,13525.00000000,14144.01000000,93016.98826200,1293872665.41796188,1212959
1604361600000,2020-11-03 00:00:00,BTC/USDT,13549.63000000,14066.11000000,13284.99000000,14023.53000000,74115.63078700,1009402087.71046155,1052569
1604275200000,2020-11-02 00:00:00,BTC/USDT,13761.49000000,13830.00000000,13195.05000000,13549.37000000,64566.42190800,873629993.83139279,869850
1604188800000,2020-11-01 00:00:00,BTC/USDT,13791.00000000,13895.00000000,13603.00000000,13761.50000000,36285.64852600,499124369.07532642,606248
1604102400000,2020-10-31 00:00:00,BTC/USDT,13560.10000000,14100.00000000,13411.50000000,13791.00000000,67339.23851500,927048458.54236180,1022202
1604016000000,2020-10-30 00:00:00,BTC/USDT,13455.69000000,13669.98000000,13115.00000000,13560.10000000,70657.77888100,946818817.55750918,1060387
1603929600000,2020-10-29 00:00:00,BTC/USDT,13266.40000000,13642.91000000,12920.77000000,13455.70000000,74872.60213200,997867948.86097431,1008433
1603843200000,2020-10-28 00:00:00,BTC/USDT,13636.16000000,13859.48000000,12888.00000000,13266.40000000,94440.56122600,1263487952.99515693,1234511
1603756800000,2020-10-27 00:00:00,BTC/USDT,13052.15000000,13789.29000000,13019.87000000,13636.17000000,80796.55399600,1085214437.75111358,1003550
1603670400000,2020-10-26 00:00:00,BTC/USDT,13029.64000000,13238.81000000,12765.00000000,13052.19000000,60951.67298600,794395722.45334551,818144
1603584000000,2020-10-25 00:00:00,BTC/USDT,13111.73000000,13350.00000000,12888.00000000,13028.83000000,38481.57950400,502672049.22905163,610498
1603497600000,2020-10-24 00:00:00,BTC/USDT,12923.06000000,13166.73000000,12870.00000000,13111.73000000,35952.20907000,468299521.76966531,536821
1603411200000,2020-10-23 00:00:00,BTC/USDT,12968.84000000,13027.69000000,12720.08000000,12923.07000000,50386.99984100,650680239.11014686,699313
1603324800000,2020-10-22 00:00:00,BTC/USDT,12780.75000000,13185.00000000,12678.08000000,12968.52000000,70038.82414400,905778888.87029065,1035811
1603238400000,2020-10-21 00:00:00,BTC/USDT,11910.00000000,13217.68000000,11886.95000000,12780.96000000,114584.45676700,1437122186.63399548,1453620
1603152000000,2020-10-20 00:00:00,BTC/USDT,11751.46000000,12038.38000000,11677.59000000,11909.99000000,62134.75066300,737425592.08197176,906111
1603065600000,2020-10-19 00:00:00,BTC/USDT,11503.14000000,11823.99000000,11407.96000000,11751.47000000,47414.53469200,550728683.79927939,650960
1602979200000,2020-10-18 00:00:00,BTC/USDT,11360.31000000,11505.00000000,11346.22000000,11503.14000000,23284.04119100,266150824.34809863,346946
1602892800000,2020-10-17 00:00:00,BTC/USDT,11319.24000000,11402.42000000,11255.00000000,11360.20000000,22368.91524100,253582775.96265448,365973
1602806400000,2020-10-16 00:00:00,BTC/USDT,11505.13000000,11541.15000000,11200.00000000,11319.32000000,48797.74950200,553211001.61225689,693210
1602720000000,2020-10-15 00:00:00,BTC/USDT,11417.89000000,11617.34000000,11250.83000000,11505.12000000,48760.71767900,556436445.55762819,662386
1602633600000,2020-10-14 00:00:00,BTC/USDT,11420.57000000,11547.98000000,11280.00000000,11417.89000000,41415.10601500,472007015.72093425,590025
1602547200000,2020-10-13 00:00:00,BTC/USDT,11528.24000000,11557.00000000,11300.00000000,11420.56000000,42205.28370900,482663390.72403579,618262
1602460800000,2020-10-12 00:00:00,BTC/USDT,11369.02000000,11720.01000000,11172.00000000,11528.25000000,52825.28371000,604779845.79201771,740823
1602374400000,2020-10-11 00:00:00,BTC/USDT,11293.22000000,11445.00000000,11221.00000000,11369.02000000,29043.85133900,329927755.03808506,509714
1602288000000,2020-10-10 00:00:00,BTC/USDT,11050.64000000,11491.00000000,11050.51000000,11293.22000000,43648.03694300,494785212.23087354,698561
1602201600000,2020-10-09 00:00:00,BTC/USDT,10925.44000000,11104.64000000,10829.00000000,11050.64000000,48240.07323700,530822321.51623468,635681
1602115200000,2020-10-08 00:00:00,BTC/USDT,10666.40000000,10950.00000000,10530.41000000,10925.57000000,51959.69157200,559311760.44148029,659291
1602028800000,2020-10-07 00:00:00,BTC/USDT,10599.65000000,10681.87000000,10546.17000000,10666.39000000,32811.99027900,348298562.85686264,503440
1601942400000,2020-10-06 00:00:00,BTC/USDT,10792.20000000,10800.00000000,10525.00000000,10599.66000000,48674.74047100,520051256.08219917,734526
1601856000000,2020-10-05 00:00:00,BTC/USDT,10666.62000000,10798.00000000,10615.64000000,10792.21000000,34025.76165300,364158510.23798056,483340
1601769600000,2020-10-04 00:00:00,BTC/USDT,10542.07000000,10696.87000000,10517.87000000,10666.63000000,23212.00159500,246252050.90681072,377553
1601683200000,2020-10-03 00:00:00,BTC/USDT,10570.40000000,10603.56000000,10496.46000000,10542.06000000,22298.22134100,235160884.60853616,381329
1601596800000,2020-10-02 00:00:00,BTC/USDT,10619.13000000,10664.64000000,10374.00000000,10570.40000000,50130.39370500,526864379.30936534,777193
1601510400000,2020-10-01 00:00:00,BTC/USDT,10776.59000000,10920.00000000,10437.00000000,10619.13000000,60866.33289300,652168989.46173484,794855
1601424000000,2020-09-30 00:00:00,BTC/USDT,10840.58000000,10849.34000000,10665.13000000,10776.59000000,39596.02732200,425279696.28526338,595383
1601337600000,2020-09-29 00:00:00,BTC/USDT,10696.11000000,10867.54000000,10635.87000000,10840.48000000,41874.89839900,449345822.46022889,587576
1601251200000,2020-09-28 00:00:00,BTC/USDT,10774.26000000,10950.00000000,10626.00000000,10696.12000000,50095.25173400,544463219.59780924,686664
1601164800000,2020-09-27 00:00:00,BTC/USDT,10728.59000000,10799.00000000,10594.82000000,10774.25000000,30549.48325300,327169249.45499568,516004
1601078400000,2020-09-26 00:00:00,BTC/USDT,10686.57000000,10820.94000000,10644.68000000,10728.60000000,28420.83665900,304511477.68085537,502670
1600992000000,2020-09-25 00:00:00,BTC/USDT,10736.33000000,10760.53000000,10556.24000000,10686.67000000,48101.11700800,512647249.14932008,733430
1600905600000,2020-09-24 00:00:00,BTC/USDT,10241.46000000,10795.24000000,10190.93000000,10736.32000000,57676.61942700,604520870.05563795,789282
1600819200000,2020-09-23 00:00:00,BTC/USDT,10529.61000000,10537.15000000,10136.82000000,10241.46000000,51876.56807900,539362015.15746196,774391
1600732800000,2020-09-22 00:00:00,BTC/USDT,10417.22000000,10572.71000000,10353.00000000,10529.61000000,43991.23547600,460362500.72840808,738576
1600646400000,2020-09-21 00:00:00,BTC/USDT,10920.28000000,10988.86000000,10296.35000000,10417.22000000,70683.43117900,751020795.23588369,1028531
1600560000000,2020-09-20 00:00:00,BTC/USDT,11080.64000000,11080.64000000,10723.00000000,10920.28000000,39157.92256500,426815210.75551225,646329
1600473600000,2020-09-19 00:00:00,BTC/USDT,10933.40000000,11179.79000000,10887.37000000,11080.65000000,38440.03685800,423651901.15773042,620127
1600387200000,2020-09-18 00:00:00,BTC/USDT,10940.00000000,11038.03000000,10812.84000000,10933.39000000,47266.72827500,516147935.66922837,717371
1600300800000,2020-09-17 00:00:00,BTC/USDT,10954.01000000,11045.46000000,10745.83000000,10939.99000000,55601.61452900,605010288.77992461,829137
1600214400000,2020-09-16 00:00:00,BTC/USDT,10785.23000000,11093.00000000,10661.22000000,10954.01000000,64991.51244000,708644989.48306988,884153
1600128000000,2020-09-15 00:00:00,BTC/USDT,10671.77000000,10930.04000000,10606.48000000,10785.31000000,61822.45278600,666457161.14913774,893852
1600041600000,2020-09-14 00:00:00,BTC/USDT,10332.84000000,10750.00000000,10212.34000000,10671.77000000,67059.29136100,706175591.38661278,828957
1599955200000,2020-09-13 00:00:00,BTC/USDT,10440.67000000,10580.11000000,10200.00000000,10332.83000000,43837.60986500,455338605.32914889,692439
1599868800000,2020-09-12 00:00:00,BTC/USDT,10387.89000000,10477.97000000,10269.25000000,10440.92000000,35379.15309600,366912671.44372690,577724
1599782400000,2020-09-11 00:00:00,BTC/USDT,10336.86000000,10397.60000000,10200.00000000,10387.89000000,43830.25446700,451241002.66033623,637869
1599696000000,2020-09-10 00:00:00,BTC/USDT,10219.29000000,10483.35000000,10070.83000000,10336.87000000,58253.75375000,602390078.49228073,851877
1599609600000,2020-09-09 00:00:00,BTC/USDT,10126.66000000,10343.00000000,9981.01000000,10219.20000000,49347.11377600,503082625.21479094,755560
1599523200000,2020-09-08 00:00:00,BTC/USDT,10373.45000000,10438.00000000,9850.00000000,10126.65000000,73491.87841800,742947901.97123937,1048125
1599436800000,2020-09-07 00:00:00,BTC/USDT,10255.89000000,10410.75000000,9875.00000000,10373.44000000,62620.23067600,634278537.81510948,927363
1599350400000,2020-09-06 00:00:00,BTC/USDT,10166.69000000,10347.14000000,9994.86000000,10256.20000000,56368.78881500,574903000.23517457,1053192
1599264000000,2020-09-05 00:00:00,BTC/USDT,10446.25000000,10565.68000000,9825.00000000,10166.69000000,90001.60556800,917578408.87611822,1476782
1599177600000,2020-09-04 00:00:00,BTC/USDT,10138.29000000,10627.05000000,9875.50000000,10446.25000000,92733.59911300,959925718.35127546,1434860
1599091200000,2020-09-03 00:00:00,BTC/USDT,11388.54000000,11462.60000000,9960.80000000,10140.85000000,121950.10601500,1325106403.31586748,1611610
1599004800000,2020-09-02 00:00:00,BTC/USDT,11921.97000000,11954.57000000,11160.10000000,11388.54000000,87221.84560200,1005391012.13387515,1373524
1598918400000,2020-09-01 00:00:00,BTC/USDT,11649.51000000,12050.85000000,11515.00000000,11921.97000000,78148.19366800,928047313.48896665,1321492
1598832000000,2020-08-31 00:00:00,BTC/USDT,11711.17000000,11800.77000000,11570.00000000,11649.51000000,55353.61774400,646723855.57145354,822062
1598745600000,2020-08-30 00:00:00,BTC/USDT,11465.84000000,11719.00000000,11458.00000000,11711.16000000,43177.87905400,501375342.93503890,756541
1598659200000,2020-08-29 00:00:00,BTC/USDT,11526.90000000,11580.02000000,11417.04000000,11465.84000000,32973.79920000,379228275.27072239,611834
1598572800000,2020-08-28 00:00:00,BTC/USDT,11330.38000000,11542.65000000,11276.89000000,11526.91000000,45953.90836500,525606229.65425099,719985
1598486400000,2020-08-27 00:00:00,BTC/USDT,11461.42000000,11592.20000000,11125.00000000,11330.38000000,63246.03638300,717474981.66401255,959270
1598400000000,2020-08-26 00:00:00,BTC/USDT,11318.42000000,11539.32000000,11244.00000000,11461.43000000,53998.23123100,615452789.96733745,862654
1598313600000,2020-08-25 00:00:00,BTC/USDT,11748.19000000,11767.85000000,11117.64000000,11318.42000000,69590.92327200,797034671.64528012,996668
1598227200000,2020-08-24 00:00:00,BTC/USDT,11648.12000000,11824.90000000,11585.09000000,11748.20000000,46212.39186700,542298951.53829801,656584
1598140800000,2020-08-23 00:00:00,BTC/USDT,11663.51000000,11718.07000000,11514.13000000,11648.13000000,37900.00469000,440406018.65187866,627352
1598054400000,2020-08-22 00:00:00,BTC/USDT,11531.23000000,11686.00000000,11376.81000000,11662.96000000,43678.70164600,504305451.41086398,809328
1597968000000,2020-08-21 00:00:00,BTC/USDT,11853.54000000,11878.00000000,11485.81000000,11531.34000000,64448.30614200,755451999.65409131,1189668
1597881600000,2020-08-20 00:00:00,BTC/USDT,11754.38000000,11888.00000000,11668.00000000,11853.55000000,46085.25435100,543576025.04851070,798027
1597795200000,2020-08-19 00:00:00,BTC/USDT,11945.10000000,12020.08000000,11561.00000000,11754.59000000,73940.16960600,870612801.52956932,1258060
1597708800000,2020-08-18 00:00:00,BTC/USDT,12281.15000000,12387.77000000,11817.93000000,11945.01000000,75923.83552700,920402307.17681052,1189390
1597622400000,2020-08-17 00:00:00,BTC/USDT,11910.99000000,12468.00000000,11769.78000000,12281.13000000,84734.21154000,1026883452.89477197,1210228
1597536000000,2020-08-16 00:00:00,BTC/USDT,11852.40000000,11931.72000000,11686.00000000,11911.00000000,41368.23690600,489731524.63694357,790240
1597449600000,2020-08-15 00:00:00,BTC/USDT,11760.55000000,11980.00000000,11680.00000000,11852.40000000,56237.90505000,667446824.06412957,1018956
1597363200000,2020-08-14 00:00:00,BTC/USDT,11779.77000000,11850.00000000,11634.03000000,11760.54000000,59818.85269700,702273220.69641574,1011746
1597276800000,2020-08-13 00:00:00,BTC/USDT,11564.34000000,11792.96000000,11270.36000000,11780.00000000,70132.49150200,809611114.21324839,1243382
1597190400000,2020-08-12 00:00:00,BTC/USDT,11392.09000000,11617.52000000,11150.00000000,11564.33000000,64909.61364400,743303608.09998264,1104096
1597104000000,2020-08-11 00:00:00,BTC/USDT,11892.90000000,11935.00000000,11125.00000000,11392.08000000,90748.28463400,1049615697.13794155,1343979
1597017600000,2020-08-10 00:00:00,BTC/USDT,11681.69000000,12067.35000000,11450.00000000,11892.92000000,84952.33788700,1009169063.38321293,1340835
1596931200000,2020-08-09 00:00:00,BTC/USDT,11761.02000000,11797.11000000,11521.97000000,11681.68000000,41493.06734200,483708602.89638040,853386
1596844800000,2020-08-08 00:00:00,BTC/USDT,11594.36000000,11808.27000000,11512.00000000,11761.41000000,41858.16104000,489087264.36028091,779318
1596758400000,2020-08-07 00:00:00,BTC/USDT,11762.47000000,11909.94000000,11322.00000000,11594.23000000,65755.92602200,767005529.28212083,940045
1596672000000,2020-08-06 00:00:00,BTC/USDT,11744.91000000,11900.00000000,11562.50000000,11762.46000000,63529.08502000,746479211.71559485,919918
1596585600000,2020-08-05 00:00:00,BTC/USDT,11191.99000000,11780.93000000,11093.00000000,11744.91000000,74970.25685200,861433645.42443967,964637
1596499200000,2020-08-04 00:00:00,BTC/USDT,11219.68000000,11414.98000000,11000.00000000,11191.97000000,58629.11370900,658084242.67972216,863692
1596412800000,2020-08-03 00:00:00,BTC/USDT,11071.36000000,11473.00000000,10936.00000000,11219.81000000,56931.84147500,641127593.26145174,919185
1596326400000,2020-08-02 00:00:00,BTC/USDT,11801.17000000,12123.46000000,10518.50000000,11071.35000000,97553.07760400,1105757335.52816180,1459900
1596240000000,2020-08-01 00:00:00,BTC/USDT,11335.46000000,11861.00000000,11220.00000000,11801.17000000,85087.48512600,987817017.31863258,1174252
1596153600000,2020-07-31 00:00:00,BTC/USDT,11099.79000000,11444.00000000,10960.00000000,11335.46000000,70063.66097400,786344325.85523136,971584
1596067200000,2020-07-30 00:00:00,BTC/USDT,11100.52000000,11170.00000000,10831.00000000,11099.61000000,60794.82645600,669779541.88728343,879960
1595980800000,2020-07-29 00:00:00,BTC/USDT,10906.27000000,11342.82000000,10812.00000000,11100.53000000,76838.09423300,853242253.61582377,1127302
1595894400000,2020-07-28 00:00:00,BTC/USDT,11029.96000000,11242.23000000,10565.00000000,10906.27000000,97267.73418700,1065375500.18918874,1475636
1595808000000,2020-07-27 00:00:00,BTC/USDT,9931.54000000,11394.86000000,9917.21000000,11029.96000000,150188.93314400,1580355372.09917984,1901088
1595721600000,2020-07-26 00:00:00,BTC/USDT,9700.42000000,10111.00000000,9650.00000000,9931.54000000,65279.26931900,644607634.48177705,945611
1595635200000,2020-07-25 00:00:00,BTC/USDT,9538.10000000,9732.90000000,9513.00000000,9700.42000000,40679.54541600,391431695.71682177,675222
1595548800000,2020-07-24 00:00:00,BTC/USDT,9603.27000000,9637.00000000,9463.44000000,9537.80000000,43931.13620500,419240263.52182820,677725
1595462400000,2020-07-23 00:00:00,BTC/USDT,9518.16000000,9664.00000000,9440.33000000,9603.27000000,51856.23350000,494282948.73368242,735371
1595376000000,2020-07-22 00:00:00,BTC/USDT,9390.00000000,9544.00000000,9261.00000000,9518.16000000,48815.00410700,457776105.61557141,663029
1595289600000,2020-07-21 00:00:00,BTC/USDT,9160.78000000,9437.73000000,9152.80000000,9390.00000000,60413.58248600,563360524.79942825,782959
1595203200000,2020-07-20 00:00:00,BTC/USDT,9208.99000000,9221.52000000,9131.00000000,9160.78000000,35458.76408200,325297289.27265834,557096
1595116800000,2020-07-19 00:00:00,BTC/USDT,9170.30000000,9232.27000000,9101.35000000,9208.99000000,26052.01941700,238521988.03132549,440449
1595030400000,2020-07-18 00:00:00,BTC/USDT,9154.31000000,9219.30000000,9121.10000000,9170.28000000,22554.54145700,206628105.36278893,430377
1594944000000,2020-07-17 00:00:00,BTC/USDT,9133.72000000,9186.83000000,9089.81000000,9154.32000000,28054.35874100,256360345.57676793,470991
1594857600000,2020-07-16 00:00:00,BTC/USDT,9197.60000000,9226.15000000,9047.25000000,9133.72000000,43375.57119100,395883667.02480033,681807
1594771200000,2020-07-15 00:00:00,BTC/USDT,9255.85000000,9276.49000000,9160.57000000,9197.60000000,39053.57966500,360201683.49480513,554780
1594684800000,2020-07-14 00:00:00,BTC/USDT,9242.61000000,9279.54000000,9113.00000000,9255.85000000,45772.55250900,421789086.45494741,613139
1594598400000,2020-07-13 00:00:00,BTC/USDT,9303.31000000,9343.82000000,9200.89000000,9242.62000000,42740.06911500,396614086.79626994,642552
1594512000000,2020-07-12 00:00:00,BTC/USDT,9234.02000000,9345.00000000,9157.50000000,9302.75000000,30872.70228600,285591381.49153138,484875
1594425600000,2020-07-11 00:00:00,BTC/USDT,9288.34000000,9299.28000000,9178.25000000,9234.03000000,22561.36600000,208410250.50959371,413452
1594339200000,2020-07-10 00:00:00,BTC/USDT,9232.42000000,9317.48000000,9125.00000000,9288.34000000,38295.49400600,352238898.76948255,525484
1594252800000,2020-07-09 00:00:00,BTC/USDT,9436.06000000,9440.79000000,9160.00000000,9232.43000000,48044.45064500,447640493.54432978,575491
1594166400000,2020-07-08 00:00:00,BTC/USDT,9257.40000000,9470.00000000,9231.00000000,9436.06000000,56140.51778100,525344876.69992350,652605
1594080000000,2020-07-07 00:00:00,BTC/USDT,9342.47000000,9379.42000000,9203.00000000,9257.39000000,34587.33667800,320576525.35534977,433481
1593993600000,2020-07-06 00:00:00,BTC/USDT,9069.41000000,9375.00000000,9055.92000000,9344.20000000,54463.13227700,502548376.20946366,533540
1593907200000,2020-07-05 00:00:00,BTC/USDT,9135.00000000,9145.24000000,8893.03000000,9069.41000000,34073.65362700,308410443.65921520,384500
1593820800000,2020-07-04 00:00:00,BTC/USDT,9057.79000000,9190.00000000,9040.04000000,9135.46000000,26441.96848400,240576054.91572312,335225
1593734400000,2020-07-03 00:00:00,BTC/USDT,9086.54000000,9125.00000000,9037.47000000,9058.26000000,28943.42017700,263123750.46717236,343189
1593648000000,2020-07-02 00:00:00,BTC/USDT,9231.99000000,9261.96000000,8940.00000000,9086.54000000,45725.16807600,417724468.88735677,470292
1593561600000,2020-07-01 00:00:00,BTC/USDT,9138.08000000,9292.00000000,9080.10000000,9232.00000000,38488.52869900,354087627.16966118,374832
1593475200000,2020-06-30 00:00:00,BTC/USDT,9192.93000000,9205.00000000,9064.89000000,9138.55000000,31463.16280100,287781334.51701579,328083
1593388800000,2020-06-29 00:00:00,BTC/USDT,9116.16000000,9238.00000000,9024.67000000,9192.56000000,42120.29326100,384206326.47068040,434299
1593302400000,2020-06-28 00:00:00,BTC/USDT,9012.00000000,9191.00000000,8948.06000000,9116.35000000,30688.17642100,278721674.92211122,374404
1593216000000,2020-06-27 00:00:00,BTC/USDT,9162.21000000,9196.24000000,8833.00000000,9012.00000000,46290.93011300,419606802.23720138,499415
1593129600000,2020-06-26 00:00:00,BTC/USDT,9249.49000000,9298.00000000,9045.45000000,9162.21000000,50292.29827700,461347064.82950308,510947
1593043200000,2020-06-25 00:00:00,BTC/USDT,9298.33000000,9340.00000000,9009.69000000,9249.49000000,55831.61915600,514396747.40478276,536205
1592956800000,2020-06-24 00:00:00,BTC/USDT,9624.33000000,9670.00000000,9208.00000000,9296.49000000,61571.56146400,579426702.79668215,572362
1592870400000,2020-06-23 00:00:00,BTC/USDT,9685.69000000,9720.00000000,9577.03000000,9624.89000000,41031.02938000,395487616.46087799,474319
1592784000000,2020-06-22 00:00:00,BTC/USDT,9294.69000000,9780.00000000,9277.09000000,9685.69000000,57895.46834300,550995799.06947046,588704
1592697600000,2020-06-21 00:00:00,BTC/USDT,9358.95000000,9422.00000000,9281.54000000,9294.69000000,24316.92623400,227467940.61021120,321015
1592611200000,2020-06-20 00:00:00,BTC/USDT,9310.23000000,9395.00000000,9170.95000000,9358.95000000,30329.06538400,282120360.55675261,382778
1592524800000,2020-06-19 00:00:00,BTC/USDT,9386.32000000,9438.30000000,9215.79000000,9310.23000000,45330.98367300,423086965.19273827,503484
1592438400000,2020-06-18 00:00:00,BTC/USDT,9465.13000000,9489.00000000,9280.00000000,9386.32000000,37381.95376500,351649555.07253869,475074
1592352000000,2020-06-17 00:00:00,BTC/USDT,9526.97000000,9565.00000000,9236.61000000,9465.14000000,48046.41115200,453209812.22578060,536158
1592265600000,2020-06-16 00:00:00,BTC/USDT,9426.05000000,9589.00000000,9373.09000000,9525.59000000,52052.44692700,494458269.13979110,543481
1592179200000,2020-06-15 00:00:00,BTC/USDT,9342.10000000,9495.00000000,8910.45000000,9426.02000000,86107.92470700,793518842.55098446,839521
1592092800000,2020-06-14 00:00:00,BTC/USDT,9473.34000000,9480.99000000,9245.00000000,9342.10000000,30055.50660800,282131272.38006622,415568
1592006400000,2020-06-13 00:00:00,BTC/USDT,9464.96000000,9494.73000000,9351.00000000,9473.34000000,27759.78485100,261673162.25847242,392763
1591920000000,2020-06-12 00:00:00,BTC/USDT,9278.88000000,9557.12000000,9232.51000000,9465.13000000,50119.06693200,472007894.37567532,553203
1591833600000,2020-06-11 00:00:00,BTC/USDT,9885.22000000,9964.00000000,9113.00000000,9280.40000000,94418.98473000,902075648.54538493,966502
1591747200000,2020-06-10 00:00:00,BTC/USDT,9772.44000000,9992.72000000,9704.18000000,9885.00000000,47130.76298200,462384305.35119935,560909
1591660800000,2020-06-09 00:00:00,BTC/USDT,9782.00000000,9877.00000000,9570.00000000,9772.43000000,46024.00128900,447208895.83869834,551863
1591574400000,2020-06-08 00:00:00,BTC/USDT,9746.99000000,9800.00000000,9633.00000000,9782.01000000,40664.66412500,395459395.82133724,485139
1591488000000,2020-06-07 00:00:00,BTC/USDT,9666.85000000,9802.00000000,9372.46000000,9746.99000000,57952.84838500,556919603.79154480,637766
1591401600000,2020-06-06 00:00:00,BTC/USDT,9621.17000000,9735.00000000,9531.05000000,9666.30000000,32752.95089300,315604867.23614906,435796
1591315200000,2020-06-05 00:00:00,BTC/USDT,9788.14000000,9854.75000000,9581.00000000,9621.16000000,47788.05005000,465200788.20363384,566062
1591228800000,2020-06-04 00:00:00,BTC/USDT,9666.32000000,9881.63000000,9450.00000000,9789.06000000,57456.10096900,557234945.64673886,665881
1591142400000,2020-06-03 00:00:00,BTC/USDT,9518.02000000,9690.00000000,9365.21000000,9666.24000000,46252.64493900,441928818.04301561,562784
1591056000000,2020-06-02 00:00:00,BTC/USDT,10202.71000000,10228.99000000,9266.00000000,9518.04000000,108970.77315100,1070060237.13020932,1004312
1590969600000,2020-06-01 00:00:00,BTC/USDT,9448.27000000,10380.00000000,9421.67000000,10200.77000000,76649.12696000,749707596.65935731,826964
1590883200000,2020-05-31 00:00:00,BTC/USDT,9697.72000000,9700.00000000,9381.41000000,9448.27000000,48333.78640300,461272298.85252054,651473
1590796800000,2020-05-30 00:00:00,BTC/USDT,9426.60000000,9740.00000000,9331.23000000,9697.72000000,55665.27254000,530598690.07145047,651290
1590710400000,2020-05-29 00:00:00,BTC/USDT,9575.87000000,9605.26000000,9330.00000000,9427.07000000,57374.36296100,542758086.60647017,593705
1590624000000,2020-05-28 00:00:00,BTC/USDT,9204.07000000,9625.47000000,9110.00000000,9575.89000000,74110.78766200,693930106.18138250,738725
1590537600000,2020-05-27 00:00:00,BTC/USDT,8841.00000000,9225.00000000,8811.73000000,9204.07000000,68910.35551400,624660855.78003700,662850
1590451200000,2020-05-26 00:00:00,BTC/USDT,8900.35000000,9017.67000000,8700.00000000,8841.18000000,58299.77013800,516455128.89068804,678304
1590364800000,2020-05-25 00:00:00,BTC/USDT,8718.14000000,8979.66000000,8642.72000000,8900.35000000,62833.91094900,553545285.91401386,733557
1590278400000,2020-05-24 00:00:00,BTC/USDT,9179.01000000,9298.00000000,8700.00000000,8720.34000000,70379.86645000,636787240.37332477,774088
1590192000000,2020-05-23 00:00:00,BTC/USDT,9170.00000000,9307.85000000,9070.00000000,9179.15000000,43526.29696600,400407195.62892234,512460
1590105600000,2020-05-22 00:00:00,BTC/USDT,9067.51000000,9271.00000000,8933.52000000,9170.00000000,58943.13102400,537847834.49670863,693694
1590019200000,2020-05-21 00:00:00,BTC/USDT,9511.43000000,9578.47000000,8815.00000000,9068.65000000,108928.78096900,1002046265.94125970,951971
1589932800000,2020-05-20 00:00:00,BTC/USDT,9775.13000000,9842.00000000,9326.00000000,9511.43000000,74923.73809000,721190802.76340253,731189
1589846400000,2020-05-19 00:00:00,BTC/USDT,9733.93000000,9897.21000000,9474.00000000,9775.53000000,78539.76045400,760713946.00854609,773581
1589760000000,2020-05-18 00:00:00,BTC/USDT,9681.11000000,9950.00000000,9464.23000000,9733.93000000,82006.60358300,797622297.32616827,794292
1589673600000,2020-05-17 00:00:00,BTC/USDT,9380.81000000,9888.00000000,9322.10000000,9680.04000000,68647.76432300,663088800.81527807,722718
1589587200000,2020-05-16 00:00:00,BTC/USDT,9315.96000000,9588.00000000,9220.00000000,9381.27000000,59587.62786200,560547005.02590862,692028
1589500800000,2020-05-15 00:00:00,BTC/USDT,9791.97000000,9845.62000000,9150.00000000,9316.42000000,115890.76151600,1099721375.89190578,1055630
1589414400000,2020-05-14 00:00:00,BTC/USDT,9309.35000000,9939.00000000,9256.76000000,9791.98000000,129565.37747000,1247456797.81366625,1199530
1589328000000,2020-05-13 00:00:00,BTC/USDT,8810.99000000,9398.00000000,8792.99000000,9309.37000000,92466.27401800,839725719.96020766,869216
1589241600000,2020-05-12 00:00:00,BTC/USDT,8562.04000000,8978.26000000,8528.78000000,8810.79000000,86522.78006600,760195457.05095863,784859
1589155200000,2020-05-11 00:00:00,BTC/USDT,8722.77000000,9168.00000000,8200.00000000,8561.52000000,168807.25183200,1468392820.76080359,1367382
1589068800000,2020-05-10 00:00:00,BTC/USDT,9539.10000000,9574.83000000,8117.00000000,8722.77000000,183865.18202800,1594996476.97563696,1565771
1588982400000,2020-05-09 00:00:00,BTC/USDT,9800.02000000,9914.25000000,9520.00000000,9539.40000000,81950.67956700,795001351.67970229,839384
1588896000000,2020-05-08 00:00:00,BTC/USDT,9986.30000000,10035.96000000,9705.00000000,9800.01000000,100683.79640000,997005843.74047920,967816
1588809600000,2020-05-07 00:00:00,BTC/USDT,9143.40000000,10067.00000000,9021.00000000,9986.40000000,147154.61137800,1409783462.00636428,1254835
1588723200000,2020-05-06 00:00:00,BTC/USDT,9021.36000000,9395.00000000,8906.21000000,9142.92000000,105925.30242000,972793508.46490739,1007661
1588636800000,2020-05-05 00:00:00,BTC/USDT,8871.92000000,9118.58000000,8760.00000000,9021.83000000,76480.76534200,683083018.87798085,812543
1588550400000,2020-05-04 00:00:00,BTC/USDT,8894.15000000,8950.00000000,8522.00000000,8871.96000000,84418.51233100,738343818.69392538,848802
1588464000000,2020-05-03 00:00:00,BTC/USDT,8972.58000000,9200.00000000,8712.00000000,8894.16000000,90126.06564300,808427095.93215912,877460
1588377600000,2020-05-02 00:00:00,BTC/USDT,8825.67000000,9010.00000000,8753.00000000,8972.05000000,59002.08755000,523838859.54424918,637884
1588291200000,2020-05-01 00:00:00,BTC/USDT,8620.00000000,9059.18000000,8613.56000000,8826.96000000,91468.81505900,805640126.63087045,865960
1588204800000,2020-04-30 00:00:00,BTC/USDT,8778.58000000,9460.00000000,8401.00000000,8620.00000000,206277.21412400,1839283907.46251938,1661554
1588118400000,2020-04-29 00:00:00,BTC/USDT,7738.58000000,8952.89000000,7710.05000000,8778.57000000,183546.88751400,1536390177.04494896,1433128
1588032000000,2020-04-28 00:00:00,BTC/USDT,7773.51000000,7780.00000000,7659.12000000,7738.98000000,46302.75263800,357391780.93076267,499414
1587945600000,2020-04-27 00:00:00,BTC/USDT,7693.10000000,7792.02000000,7606.00000000,7774.62000000,65441.33957600,504025811.65125354,637800
1587859200000,2020-04-26 00:00:00,BTC/USDT,7539.03000000,7700.00000000,7480.00000000,7693.10000000,50522.61620900,384202783.27470957,554480
1587772800000,2020-04-25 00:00:00,BTC/USDT,7505.00000000,7705.00000000,7431.07000000,7538.67000000,43874.42772600,331292050.77197311,521943
1587686400000,2020-04-24 00:00:00,BTC/USDT,7483.96000000,7615.96000000,7388.00000000,7505.00000000,60182.11993900,452118137.79400162,601093
1587600000000,2020-04-23 00:00:00,BTC/USDT,7125.12000000,7738.00000000,7020.00000000,7482.39000000,102773.56956100,756320213.58585215,881099
1587513600000,2020-04-22 00:00:00,BTC/USDT,6841.36000000,7156.38000000,6818.00000000,7125.14000000,61486.37733400,431271646.17559905,508659
1587427200000,2020-04-21 00:00:00,BTC/USDT,6828.98000000,6940.00000000,6762.00000000,6841.37000000,60109.71080800,411800606.08159712,555797
1587340800000,2020-04-20 00:00:00,BTC/USDT,7121.40000000,7220.00000000,6751.00000000,6826.83000000,90149.49137000,629612368.74768921,785174
1587254400000,2020-04-19 00:00:00,BTC/USDT,7248.60000000,7266.15000000,7055.60000000,7120.74000000,45664.86393000,326485586.93173834,483574
1587168000000,2020-04-18 00:00:00,BTC/USDT,7026.78000000,7293.08000000,7014.40000000,7248.60000000,49488.54281900,354845083.77618894,494670
1587081600000,2020-04-17 00:00:00,BTC/USDT,7101.99000000,7148.12000000,6972.98000000,7027.55000000,54126.50976300,382334236.16947893,537554
1586995200000,2020-04-16 00:00:00,BTC/USDT,6621.25000000,7190.00000000,6468.27000000,7101.94000000,125009.85753900,865277543.39469342,971163
1586908800000,2020-04-15 00:00:00,BTC/USDT,6868.57000000,6933.00000000,6605.00000000,6621.24000000,61571.38499400,416947490.61569572,581374
1586822400000,2020-04-14 00:00:00,BTC/USDT,6838.04000000,6978.00000000,6754.28000000,6868.70000000,69068.62328500,474794776.19211112,608665
1586736000000,2020-04-13 00:00:00,BTC/USDT,6903.79000000,6903.79000000,6575.00000000,6837.91000000,96415.47657300,649390681.24850258,804179
1586649600000,2020-04-12 00:00:00,BTC/USDT,6876.84000000,7177.00000000,6780.00000000,6903.79000000,73868.66650100,516235035.18651132,648323
1586563200000,2020-04-11 00:00:00,BTC/USDT,6858.92000000,6944.30000000,6760.00000000,6876.83000000,45470.29320600,311699573.51667396,484618
1586476800000,2020-04-10 00:00:00,BTC/USDT,7283.54000000,7295.75000000,6739.98000000,6858.92000000,104674.62337500,727281590.77193982,949050
1586390400000,2020-04-09 00:00:00,BTC/USDT,7360.26000000,7371.92000000,7108.08000000,7283.54000000,61094.87241700,444741085.90375861,686207
1586304000000,2020-04-08 00:00:00,BTC/USDT,7197.32000000,7420.00000000,7150.00000000,7361.28000000,76059.14583800,555122600.27502590,750516
1586217600000,2020-04-07 00:00:00,BTC/USDT,7329.90000000,7459.69000000,7077.00000000,7197.32000000,103585.16891800,757201786.69766315,924436
1586131200000,2020-04-06 00:00:00,BTC/USDT,6772.78000000,7355.14000000,6765.00000000,7329.90000000,118052.00083200,837357664.65192143,956586
1586044800000,2020-04-05 00:00:00,BTC/USDT,6857.41000000,6895.54000000,6677.52000000,6772.78000000,49685.35698300,337062083.00202794,506433
1585958400000,2020-04-04 00:00:00,BTC/USDT,6732.97000000,6990.41000000,6650.01000000,6856.99000000,72990.86113900,495076283.52090415,659051
1585872000000,2020-04-03 00:00:00,BTC/USDT,6793.86000000,7048.00000000,6602.10000000,6734.10000000,104080.27693900,710254017.10027212,840456
1585785600000,2020-04-02 00:00:00,BTC/USDT,6643.36000000,7198.00000000,6551.00000000,6794.09000000,149299.90687100,1014494762.44164222,1101043
1585699200000,2020-04-01 00:00:00,BTC/USDT,6412.14000000,6679.94000000,6150.11000000,6642.92000000,97500.75240000,618527468.83416410,758061
1585612800000,2020-03-31 00:00:00,BTC/USDT,6394.45000000,6523.23000000,6321.40000000,6410.44000000,72337.59525900,465780496.62248718,538231
1585526400000,2020-03-30 00:00:00,BTC/USDT,5880.50000000,6599.00000000,5857.76000000,6394.38000000,118889.54999200,747569726.45441973,784034
1585440000000,2020-03-29 00:00:00,BTC/USDT,6236.65000000,6266.00000000,5866.56000000,5881.42000000,63311.62771400,383707122.50096294,496709
1585353600000,2020-03-28 00:00:00,BTC/USDT,6359.11000000,6360.00000000,6024.00000000,6236.65000000,93159.69342900,577986706.12893653,725588
1585267200000,2020-03-27 00:00:00,BTC/USDT,6737.27000000,6842.59000000,6261.00000000,6359.11000000,82914.96835400,551326113.85520389,643631
1585180800000,2020-03-26 00:00:00,BTC/USDT,6677.42000000,6780.00000000,6510.00000000,6737.36000000,83026.55521100,552537189.47935146,668467
1585094400000,2020-03-25 00:00:00,BTC/USDT,6744.69000000,6957.96000000,6450.00000000,6677.43000000,132155.73498900,880250736.90798865,912179
1585008000000,2020-03-24 00:00:00,BTC/USDT,6465.25000000,6833.00000000,6371.33000000,6744.72000000,151138.00987800,1001890515.23998861,1012669
1584921600000,2020-03-23 00:00:00,BTC/USDT,5816.05000000,6600.00000000,5688.00000000,6467.31000000,164674.21578500,1015525672.07438633,1099406
1584835200000,2020-03-22 00:00:00,BTC/USDT,6187.04000000,6407.87000000,5734.01000000,5816.19000000,119115.99052700,722895653.51006145,952259
1584748800000,2020-03-21 00:00:00,BTC/USDT,6204.57000000,6456.98000000,5860.02000000,6186.98000000,128913.66836300,794962136.63841710,990974
1584662400000,2020-03-20 00:00:00,BTC/USDT,6162.05000000,6900.00000000,5670.00000000,6208.36000000,219298.32951400,1401734013.17520213,1580069
1584576000000,2020-03-19 00:00:00,BTC/USDT,5393.26000000,6400.00000000,5252.53000000,6162.37000000,199020.87343900,1164739707.51423590,1403608
1584489600000,2020-03-18 00:00:00,BTC/USDT,5312.64000000,5436.17000000,5009.37000000,5393.04000000,137127.63489400,719748122.45301997,962843
1584403200000,2020-03-17 00:00:00,BTC/USDT,5028.86000000,5525.00000000,4921.45000000,5312.64000000,150089.92631800,793147908.26849729,1069217
1584316800000,2020-03-16 00:00:00,BTC/USDT,5360.33000000,5365.42000000,4442.12000000,5028.97000000,227276.92276000,1113690309.10158680,1608176
1584230400000,2020-03-15 00:00:00,BTC/USDT,5172.48000000,5940.00000000,5093.10000000,5361.30000000,139916.14653400,753755706.42687720,1037714
1584144000000,2020-03-14 00:00:00,BTC/USDT,5576.05000000,5640.52000000,5055.13000000,5172.06000000,136910.13597400,736651880.92107893,1106125